# Id ,ECD(um) ,C  ,O  ,Na ,Mg ,Al ,Si ,P  ,S  ,Cl ,K  ,Ca ,Mn ,Fe ,Sc ,Ti ,Co 
9,1.10224266,85.45866244,14.4674991,0,0,0,0,0,0,0,0,0,0,0,0,0,0.073838459
19,4.388831681,83.24190634,16.66955994,0,0,0,0,0,0,0,0,0,0,0,0,0,0.088533729
31,1.006205281,84.4227065,15.49462705,0,0,0,0,0,0,0,0,0,0,0,0,0,0.082666447
35,1.834773324,84.95594481,14.93729171,0,0,0,0,0,0,0,0,0,0,0,0,0,0.106763478
49,1.018705205,81.15677195,18.12221202,0,0,0,0.145888483,0,0.159509239,0,0,0.300937879,0,0.039616288,0,0,0.075064142
57,1.272760193,84.37678674,15.62321326,0,0,0,0,0,0,0,0,0,0,0,0,0,0
61,1.158229259,84.57207108,15.31514613,0,0,0,0,0,0,0,0,0,0,0,0,0,0.112782795
71,1.676170088,84.31120227,15.60767429,0,0,0,0,0,0,0,0,0,0,0,0,0,0.081123438
82,1.067241867,85.73580514,14.08780147,0,0,0,0,0,0,0,0.09447908,0,0,0,0,0,0.081914311
83,3.434389559,84.88158564,15.00763358,0,0,0,0,0,0,0,0,0,0,0,0,0,0.110780782
85,1.91575778,84.16362482,15.68696494,0,0,0,0.05769122,0,0,0,0,0,0,0,0,0,0.091719021
115,1.222032068,85.73508962,14.16073695,0,0,0,0,0,0,0,0,0,0,0,0,0,0.104173424
117,14.79155988,74.17638214,22.04501785,0,0.721263519,0.101130145,0.152587396,0.584312285,0,0.195858554,0.302397082,1.61816358,0,0.04641731,0,0,0.056470137
126,7.903676835,53.27643493,36.41314652,0,0,0.910386887,9.301059419,0,0,0,0,0,0,0.098972247,0,0,0
150,11.85551525,54.65442818,35.61509936,0,0.507955285,1.636590153,6.598482233,0,0,0,0.188628725,0.206540762,0,0.502662709,0.031579948,0,0.058032642
155,4.482980482,71.24363208,26.15318744,0,0.048141711,1.086931841,1.21792137,0,0,0,0.038305392,0,0,0.115187195,0.037256403,0,0.059436567
162,3.81496466,69.307178,28.33849789,0,0,0,0,0,0,0,0,2.265875766,0,0,0,0,0.088448348
163,2.438880538,85.01044274,14.80481382,0,0,0,0.081453569,0,0,0,0,0,0,0,0,0,0.103289864
168,1.841658052,74.13550207,22.7683575,0,0.299033589,0.59208186,1.697239148,0,0,0,0.405711445,0,0,0.051154985,0,0,0.050919403
179,10.85233329,49.29679155,38.8463295,0,0,0.493314445,11.13367999,0,0,0,0,0,0,0.137167912,0,0,0.0927166
181,1.169104889,85.2252812,14.5279552,0,0,0,0.186018399,0,0,0,0,0,0,0,0,0,0.060745203
200,4.809829645,71.91305975,25.7467255,0,0.11292314,0.617342545,0.962821921,0,0,0.043688857,0.063126298,0.23429204,0,0.2252623,0.029185134,0,0.051572517
202,1.458129982,85.27852735,14.61587577,0,0,0,0,0,0,0,0,0,0,0,0,0,0.105596887
206,2.438880538,74.1014062,22.9373071,0,0.409484072,0.820506366,1.104540085,0,0.137574751,0,0.123629196,0,0,0.365552232,0,0,0
211,1.466783648,84.38198955,15.48383799,0,0,0,0,0,0,0,0,0,0,0,0,0,0.134172457
213,1.222032068,84.55956779,15.3347823,0,0,0,0,0,0,0,0,0,0,0,0,0,0.105649909
218,1.201141092,85.09192888,14.82147045,0,0,0,0,0,0,0,0,0,0,0,0,0,0.086600677
223,1.113665169,84.91508355,14.97010586,0,0,0,0,0,0,0,0,0,0,0,0,0,0.114810593
234,1.66860269,78.07751592,20.23672016,0,0,0,1.033162041,0,0,0.109905907,0,0.35504325,0,0.111093878,0,0,0.076558846
235,1.067241867,83.92880316,15.98113603,0,0,0,0,0,0,0,0,0,0,0,0,0,0.090060811
262,3.031167316,73.40269602,23.03244996,0.374448605,0.166384648,0.785719598,1.757284234,0,0,0,0.096427144,0,0,0.318610116,0,0,0.065979672
292,1.517669803,85.31344188,14.49510165,0,0,0,0.103495484,0,0,0,0,0,0,0,0,0,0.087960985
301,2.623862356,84.89992375,15.0016559,0,0,0,0,0,0,0,0,0,0,0,0,0,0.098420355
306,1.006205281,99.84083815,0,0,0,0,0.057881143,0,0,0,0,0,0,0,0,0,0.101280705
318,1.10224266,83.20382117,16.72126742,0,0,0,0,0,0,0,0,0,0,0,0,0,0.074911417
319,1.340558502,85.26669253,14.64391945,0,0,0,0,0,0,0,0,0,0,0,0,0,0.089388026
326,1.706104062,76.12709367,21.52296384,0,0.168613304,0.710037985,0.48234059,0,0.380739131,0,0,0.393193329,0,0.039721956,0,0.103169333,0.072126857
345,1.018705205,85.48356919,14.42274273,0,0,0,0,0,0,0,0,0,0,0,0,0,0.093688081
346,3.624434668,72.88459609,24.51174033,0,0.197540172,0.86231537,1.184290728,0,0,0,0.182880416,0,0,0.113928584,0,0,0.062708311
353,1.169104889,86.57493667,10.28938121,1.657333759,0.179823767,0,0,0,0.108101842,1.072910628,0.025895687,0.025668317,0,0,0,0,0.065948121
361,2.215937269,77.39180589,20.77119019,0,0,0.191231986,0.368881129,0,0,0.047934492,0.025284925,0.128855838,0,0.972540634,0.033200917,0,0.069073994
367,1.018705205,79.51130605,19.26789289,0,0.593846245,0,0.075121893,0,0,0,0,0.475350796,0,0,0,0,0.076482121
375,1.558806519,84.55647451,15.34696837,0,0,0,0,0,0,0,0,0,0,0,0,0,0.096557117
377,1.136165728,84.11895471,15.79620911,0,0,0,0,0,0,0,0,0,0,0,0,0,0.084836179
385,1.222032068,84.63260974,15.26160721,0,0,0,0,0,0,0,0,0,0,0,0,0,0.105783044
391,3.460088183,72.29880965,23.84171979,0.252324595,0.070197884,0.428284546,1.559584822,0,0.095850804,0,0.111899443,0.104502027,0.039497935,1.128356469,0,0,0.068972039
396,1.232344758,85.87302826,13.99989919,0,0,0,0,0,0,0,0,0,0,0,0,0,0.127072554
408,1.179880277,84.43209479,15.46631796,0,0,0,0,0,0,0,0,0,0,0,0,0,0.101587248
409,1.980717077,76.66283022,20.83360358,0,0.463339433,0.428613079,0.92016412,0.154359775,0.159354284,0,0.038046975,0.042422271,0,0.246819951,0,0,0.050446312
410,1.771607211,80.12555021,18.70875433,0,0,0.322377762,0.657791189,0,0,0,0.03904228,0,0,0.146484223,0,0,0
412,1.090700534,76.25514453,21.75177899,0,0.31157416,0.289224241,0.422602608,0,0.203314645,0.092033317,0,0.474145169,0,0.131288422,0,0,0.06889392
437,1.841658052,82.40155999,16.41940562,0.150081952,0.160444004,0.216915012,0.439374665,0,0,0,0,0.034776656,0,0.100463032,0,0,0.076979067
444,1.827862666,83.19986372,16.69668135,0,0,0,0,0,0,0,0,0,0,0,0,0,0.103454927
452,1.232344758,84.92429358,14.94505895,0,0,0,0,0,0,0,0,0,0,0,0,0,0.13064747
457,1.272760193,83.83855264,16.05220737,0,0,0,0,0,0,0,0,0,0,0,0,0,0.10923999
458,1.56690427,75.46605244,21.74435179,0,0.54157975,0.513677285,1.142765529,0,0.13448009,0,0.062824107,0.053434268,0,0.279509262,0,0,0.06132548
461,1.136165728,80.74588661,18.16819692,0,0.058980374,0.429999011,0.546485178,0,0,0,0,0.050451901,0,0,0,0,0
468,1.331084471,80.11322211,19.14008182,0,0.367427584,0,0,0,0,0,0,0.279917958,0,0,0,0,0.099350533
470,1.113665169,84.87869969,14.77227201,0.227427901,0,0,0,0,0,0,0,0,0,0,0,0,0.121600397
473,1.272760193,81.7295416,17.03164244,0,0,0.444008416,0.568029814,0,0,0,0.072132342,0,0,0.101789669,0,0,0.052855722
488,1.500899456,86.42382052,13.41321923,0,0,0,0.075918075,0,0,0,0,0,0,0,0,0,0.087042174
497,1.158229259,84.79770161,15.11450243,0,0,0,0,0,0,0,0,0,0,0,0,0,0.087795954
498,1.006205281,84.28714741,15.71285259,0,0,0,0,0,0,0,0,0,0,0,0,0,0
504,1.147250534,84.35280091,15.64719909,0,0,0,0,0,0,0,0,0,0,0,0,0,0
507,1.574960386,79.61718981,19.01803315,0,0.094376126,0.562146612,0.632237738,0,0,0,0.022749425,0,0,0,0,0,0.053267138
554,1.368587146,79.63655108,19.12848269,0,0.19326578,0.268621651,0.524919242,0,0,0,0,0,0,0.176758721,0,0,0.071400835
555,1.321542524,80.28552279,18.22096005,0,0.120661598,0.405980192,0.68635235,0,0,0,0.086886168,0,0,0.134387521,0,0,0.059249328
556,1.466783648,82.74678952,16.82437744,0.210656434,0.139476024,0,0,0,0,0,0,0,0,0,0,0,0.078700584
570,1.466783648,74.66980294,22.89309934,0.064858148,0.081627494,0.1709578,1.947946762,0,0,0,0.044662057,0,0,0.075077593,0,0,0.051967863
585,9.856190344,60.35152558,34.11624518,0.077215325,0,0.249674158,5.05049679,0,0,0,0.024265693,0,0,0.072016902,0,0,0.05856037
587,1.079034952,85.89230036,13.78590877,0,0,0,0.225705078,0,0,0,0,0,0,0,0,0,0.096085791
595,2.227330338,79.60476413,18.97622303,0,0,0,0.055764788,0.136499251,0,0,0,1.158073546,0,0,0,0,0.068675246
604,2.937878198,83.75628866,16.15084856,0,0,0,0,0,0,0,0,0,0,0,0,0,0.092862777
607,1.431855217,85.29468975,14.61809151,0,0,0,0,0,0,0,0,0,0,0,0,0,0.087218737
612,1.922352491,77.50176019,20.40070511,0,0.349822585,0.535493955,0.931955758,0,0,0,0.118603967,0,0,0.099948068,0,0,0.061710375
616,3.412208125,69.11639949,26.90037276,0,0.257421011,0.822295492,1.880979676,0,0,0,0.14583535,0,0,0.341488807,0.479870122,0,0.05533729
617,1.10224266,85.05114727,14.84252398,0,0,0,0,0,0,0,0,0,0,0,0,0,0.106328749
632,9.746436981,69.38040828,25.82114609,0,0.216673104,0.386113402,3.94675176,0,0,0,0.032428736,0.027996898,0,0.088228095,0.055061097,0,0.045192537
661,1.10224266,84.54538294,15.36607681,0,0,0,0,0,0,0,0,0,0,0,0,0,0.088540251
670,1.147250534,85.23943071,14.66142844,0,0,0,0,0,0,0,0,0,0,0,0,0,0.099140853
681,1.661000816,85.35185294,14.52820139,0,0,0,0,0,0,0,0,0,0,0,0,0,0.119945669
702,1.683703475,74.79521565,23.04570519,0.170561375,0.168853913,0.529639664,0.953491116,0,0,0,0.105539976,0,0,0.150945599,0,0,0.080047515
705,1.169104889,85.35969614,14.45107141,0,0,0,0,0,0,0,0,0,0,0.050779387,0,0,0.13845307
712,1.720875802,74.44204494,22.41232279,0,0.142245682,1.136215052,1.419978418,0,0,0,0.359747911,0,0,0.087445203,0,0,0
721,1.321542524,85.45184008,14.43987309,0,0,0,0,0,0,0,0,0,0,0,0,0,0.108286835
722,1.483939596,84.32547051,15.59317946,0,0,0,0,0,0,0,0,0,0,0,0,0,0.081350023
723,3.374915113,82.74865699,17.25134301,0,0,0,0,0,0,0,0,0,0,0,0,0,0
724,1.74279867,84.07693804,15.8166173,0,0,0,0,0,0,0,0,0,0,0,0,0,0.106444661
726,2.84152799,84.36865612,15.55660759,0,0,0,0,0,0,0,0,0,0,0,0,0,0.074736291
729,2.55544448,85.84241578,14.06080285,0,0,0,0,0,0,0,0,0,0,0,0,0,0.09678137
741,1.031053598,84.6858362,15.22155316,0,0,0,0,0,0,0,0,0,0,0,0,0,0.092610644
750,1.179880277,78.53952935,20.01853996,0,0.086478793,0.344835243,0.721246817,0,0,0,0.045416025,0.041574959,0,0.13542936,0,0,0.066949491
751,2.881333434,79.72703421,18.67310792,0,0.113331126,0.319547824,0.928591526,0,0,0,0.02265116,0.027933436,0,0.111910755,0,0,0.075892046
752,2.255561253,81.27004856,17.66969376,0,0,0.329840395,0.515634554,0,0,0,0.088539077,0,0,0.074127406,0,0,0.052116247
759,3.543214423,64.23084551,31.13618624,0,0,0,0,0,0,0.128965305,0,4.426238555,0,0,0,0,0.077764393
785,2.787570017,76.78156875,20.75681732,0.438799483,0,0.553788403,1.26780706,0,0,0,0.029800161,0.064430791,0,0.056849812,0,0,0.050138221
787,1.113665169,85.46021658,14.47424505,0,0,0,0,0,0,0,0,0,0,0,0,0,0.065538374
798,3.213561964,71.09124666,25.71136783,0.201932809,0.249326818,0.50447508,1.143289954,0,0.091257111,0.034895292,0.023215816,0.21748193,0,0.657816575,0,0,0.073694129
799,1.282665091,84.83887014,15.04331618,0,0,0,0,0,0,0,0,0,0,0,0,0,0.117813681
819,1.74279867,74.85749535,23.3730071,0.194494084,0,0,0.207014155,0,0.591054672,0,0,0.640964325,0,0.047186445,0,0,0.088783875
823,1.136165728,78.55491357,19.85993646,0,0.063280722,0.603890896,0.659886809,0,0,0,0.099197982,0.052400638,0,0.051569261,0,0,0.054923661
825,1.492443617,79.65027801,18.51510443,0,0.123160726,0.671369078,0.79939984,0,0,0,0.104644717,0,0,0.074101564,0,0,0.061941633
829,1.018705205,79.31779694,19.92158693,0,0,0,0.046859852,0,0,0,0,0.611138668,0,0,0,0,0.102617608
836,1.889148741,77.53689425,19.56741443,0,0,0,0.191568569,0,0,0,0,0.063636337,0,2.425087647,0,0,0.215398769
838,1.71350585,78.83905995,19.40277683,0,0.346966385,0.403335716,0.705249032,0,0,0,0.029671463,0,0,0.218251044,0,0,0.054689583
850,1.534256851,86.24760602,13.6851779,0,0,0,0,0,0,0,0,0,0,0,0,0,0.06721608
854,2.796635309,83.88584246,16.02793989,0,0,0,0,0,0,0,0,0,0,0,0,0,0.08621765
879,1.820925781,85.36524389,14.53855744,0,0,0,0,0,0,0,0,0,0,0,0,0,0.096198674
881,1.222032068,85.49251231,14.39928746,0,0,0,0,0,0,0,0,0,0,0,0,0,0.108200238
908,3.374915113,77.48849834,20.55939945,0,0.071954168,0.508841209,0.995141433,0,0,0,0.066691459,0.02815275,0,0.207911315,0,0,0.07340988
936,10.25021473,54.36225379,34.56999715,0,0,1.304700704,9.208471294,0,0,0,0.085179308,0.031665589,0,0.331541571,0.032289375,0,0.073901224
952,4.505508164,64.7771156,32.00581554,0,0.146295972,1.351946241,1.334784955,0,0,0,0.036552867,0.196644125,0,0.093817316,0,0,0.057027388
953,6.689562678,61.54106691,30.75122808,0,1.683387967,1.450510735,2.768810037,0,0,0,0.058880012,0.087679596,0,1.587679989,0,0,0.070756675
959,5.133126435,66.47814519,28.53120665,0,0.400353576,1.382369323,2.1985982,0,0,0,0.204819949,0.176313946,0,0.516339308,0.045707458,0,0.066146394
975,1.147250534,83.80878274,16.08657698,0,0,0,0,0,0,0,0,0,0,0,0,0,0.104640287
999,1.377803325,81.26378862,17.64436957,0,0,0.04453636,0.945380404,0,0,0,0.025386816,0,0,0,0.076538232,0,0
1010,1.055317002,84.98241442,14.82221304,0,0,0,0,0,0,0,0,0,0.102533542,0,0.092838994,0,0
1043,1.386958265,84.07606179,15.78473123,0,0,0,0,0,0,0,0,0,0,0,0.139206979,0,0
1075,3.870949007,81.31859446,17.15673711,0.07219086,0.133190595,0.168466133,0.603759321,0,0.09882672,0.054287911,0.025480166,0.235369065,0.133097663,0,0,0,0
1126,1.031053598,85.28183999,14.58425028,0,0,0,0,0,0,0,0,0,0,0,0.133909731,0,0
1129,1.661000816,84.27901526,15.61494241,0,0,0,0,0,0,0,0,0,0,0,0.106042328,0,0
1149,1.868943361,83.38492233,16.40006286,0,0,0,0.096888349,0,0,0,0,0,0,0,0.118126469,0,0
1166,3.543214423,82.87613552,17.02604968,0,0,0,0,0,0,0,0,0,0,0,0.097814803,0,0
1167,1.691203305,78.02434734,20.27826843,0,0.105247718,0.488198984,0.6466238,0,0,0,0.071722738,0.068211192,0.245020635,0,0.072359155,0,0
1186,1.136165728,85.76549185,14.1180243,0,0,0,0,0,0,0,0,0,0,0,0.116483856,0,0
1256,1.262777606,84.738949,15.16693568,0,0,0,0,0,0,0,0,0,0,0,0.094115325,0,0
1281,1.018705205,85.05264479,14.84141517,0,0,0,0,0,0,0,0,0,0,0,0.105940039,0,0
1301,1.113665169,86.71805458,13.15135798,0,0,0,0,0,0,0,0,0,0,0,0.130587445,0,0
1310,1.124971704,84.59113757,14.85383708,0.482779507,0,0,0.072245849,0,0,0,0,0,0,0,0,0,0
1313,1.74279867,84.65122702,15.2377147,0,0,0,0,0,0,0,0,0,0,0,0.111058285,0,0
1318,1.368587146,78.58421819,19.82591246,0,0,0.671679302,0.728864784,0,0,0,0.03151095,0.030909269,0.064140533,0,0.062764512,0,0
1341,1.44942465,83.66453129,16.00406458,0,0,0,0,0,0,0,0,0.235631611,0,0,0.095772526,0,0
1349,1.598885205,84.63008899,15.26658621,0,0,0,0,0,0,0,0,0,0,0,0.103324809,0,0
1370,1.079034952,78.9436375,19.3191206,0.096096863,0,0.342926097,0.888349682,0,0.110995925,0,0.158873717,0,0.059252814,0,0.080746797,0,0
1380,1.179880277,84.92234378,14.97081442,0,0,0,0,0,0,0,0,0,0,0,0.106841793,0,0
1403,1.006205281,84.92824886,14.97360034,0,0,0,0,0,0,0,0,0,0,0,0.098150799,0,0
1411,1.018705205,83.15492061,16.70052008,0,0,0,0,0,0,0,0,0,0,0,0.144559311,0,0
1434,1.272760193,82.33155055,16.46656844,0,0,0.467249512,0.561922183,0,0,0,0.022337491,0.024241942,0.040219192,0,0.085910685,0,0
1437,1.201141092,86.19468391,13.66551627,0,0,0,0.053293695,0,0,0,0,0,0,0,0.086506118,0,0
1465,1.147250534,84.65434647,15.24102231,0,0,0,0,0,0,0,0,0,0,0,0.104631226,0,0
1472,1.321542524,78.36357397,19.85104487,0,0,0.044657271,0.115702579,0,0,0,0,0,1.546857734,0,0.078163579,0,0
1487,1.113665169,84.7850407,14.38257051,0,0,0.157253712,0.427588796,0,0,0,0.107642903,0.041860055,0,0,0.098043318,0,0
1501,1.018705205,79.84894398,18.86249454,0,0,0,0.132673505,0,0,0,0,0,0.275688975,0.745056542,0.135142457,0,0
1509,1.440666717,82.7221847,16.27669058,0,0,0.311523989,0.44016576,0,0,0,0.030471703,0.07188666,0.063436938,0,0.083639672,0,0
1517,1.500899456,85.77663375,14.08407375,0,0,0,0,0,0,0,0,0,0,0,0.139292507,0,0
1520,1.006205281,85.21737969,14.63063676,0,0,0,0,0,0,0,0,0,0,0,0.151983554,0,0
1522,1.169104889,84.50966476,15.35601102,0,0,0,0,0,0,0,0,0,0,0,0.134324215,0,0
1531,1.492443617,79.53522523,18.6079176,0,0.202059405,0.362091283,0.79546926,0,0.146247796,0,0.055480039,0,0.181290401,0,0.11421898,0,0
1532,1.124971704,84.69983067,15.16304409,0,0,0,0,0,0,0,0,0,0,0,0.137125241,0,0
1567,1.91575778,84.25383241,15.5927482,0,0,0,0,0,0,0,0,0,0,0,0.153419386,0,0
1579,1.067241867,84.6859266,15.13932872,0,0,0,0,0,0,0,0,0,0,0,0.174744682,0,0
1588,1.04325584,80.86451899,18.19263077,0.153882616,0,0.223430134,0.478108376,0,0,0,0.054786806,0,0.032642305,0,0,0,0
1617,1.582975503,84.64700466,15.23616202,0,0,0,0,0,0,0,0,0,0,0,0.116833322,0,0
1624,1.147250534,82.76928882,16.16161552,0,0,0.18333552,0.593416959,0,0,0,0.174331419,0,0.03760261,0,0.080409149,0,0
1657,1.222032068,84.40823046,15.45565566,0,0,0,0,0,0,0,0,0,0,0,0.136113879,0,0
1682,1.055317002,85.40677809,14.38749006,0,0,0,0,0,0,0,0,0,0,0,0.205731849,0,0
1693,1.090700534,84.37470969,15.09774113,0.138872641,0,0,0,0,0.092578384,0,0,0,0.182468982,0,0.113629168,0,0
1729,1.190558145,86.28088961,13.47002183,0,0,0,0.072430163,0,0,0,0,0,0,0,0.176658398,0,0
1740,1.067241867,99.77536208,0,0,0,0,0,0,0,0,0,0,0,0,0.224637918,0,0
1759,1.232344758,84.76848449,15.10695436,0,0,0,0,0,0,0,0,0,0,0,0.124561154,0,0
1898,1.928924655,85.45100356,14.30611314,0,0,0,0.073450137,0,0,0,0,0,0,0,0.169433164,0,0
1924,1.147250534,85.10191133,14.71939898,0,0,0,0,0,0,0,0,0,0,0,0.178689692,0,0
1937,1.405089208,85.08400683,14.78704957,0,0,0,0,0,0,0,0,0,0,0,0.1289436,0,0
1939,1.113665169,84.31846169,15.58176639,0,0,0,0,0,0,0,0,0,0,0,0.099771925,0,0
1943,1.534256851,81.21186029,17.3930882,0,0.289771819,0.258506872,0.599520158,0,0,0,0.048639607,0,0.137995696,0,0.060617366,0,0
1956,1.04325584,84.9039499,14.91973753,0.176312571,0,0,0,0,0,0,0,0,0,0,0,0,0
1958,1.614638149,79.61216399,18.74404753,0,0.101517211,0.314149119,0.915844956,0,0,0,0,0.066169937,0.155822536,0,0.09028472,0,0
1983,1.606780982,77.6918685,20.14893847,0,0.14494504,0.641854574,1.007148156,0,0.052458354,0,0.21363488,0,0.099152027,0,0,0,0
1986,1.031053598,83.71970697,16.14073345,0,0,0,0,0,0,0,0,0,0,0,0.139559579,0,0
1999,3.035339606,73.40360462,23.01439155,0.133750357,0.126220308,1.15235514,1.55397562,0,0,0,0.249826415,0.099155248,0.200520263,0,0.066200473,0,0
2024,2.086511681,84.22384384,15.64334772,0,0,0,0,0,0,0,0,0,0,0,0.132808445,0,0
2031,1.757261978,84.10962009,15.79968541,0,0,0,0,0,0,0,0,0,0,0,0.090694502,0,0
2036,1.124971704,81.11582319,17.46921686,0.3355531,0.17209419,0.185431563,0.32741525,0,0.098131277,0,0.075490577,0,0.148740961,0,0.072103029,0,0
2041,1.492443617,85.21012697,14.66611917,0,0,0,0,0,0,0,0,0,0,0,0.123753867,0,0
2056,1.56690427,85.35970198,14.54461541,0,0,0,0,0,0,0,0,0,0,0,0.095682602,0,0
2069,1.018705205,86.83610663,12.81830269,0,0,0,0.068713319,0.168308246,0,0,0,0,0,0,0.108569113,0,0
2074,3.031167316,75.84151011,22.16683807,0,0.073734389,0.299651308,1.468231029,0,0,0,0.031540329,0.025039497,0.093455276,0,0,0,0
2077,1.147250534,77.37857427,21.62887835,0,0,0,0,0,0,0,0,0.8794387,0,0,0.113108673,0,0
2091,12.0145714,61.61922148,29.44208588,0,0.181151278,3.369368151,4.148114506,0,0,0.034631193,0.397116204,0.071253416,0.699106431,0.037951462,0,0,0
2110,5.326714291,81.70530184,17.53185109,0,0,0.275201878,0.299127303,0,0,0,0,0.064698836,0.034298327,0,0.089520729,0,0
2160,1.006205281,84.90065116,14.95658243,0,0,0,0,0,0,0,0,0,0,0,0.142766407,0,0
2173,2.510477136,86.30547585,13.3362865,0,0,0.096226699,0.132092789,0,0,0,0,0,0.047962228,0,0.08195594,0,0
2229,1.179880277,83.39369433,16.42772038,0,0,0,0,0,0,0,0,0,0.102334694,0,0.076250595,0,0
2235,1.055317002,84.89962585,14.9655096,0,0,0,0,0,0,0,0,0,0,0,0.134864547,0,0
2279,1.018705205,84.61281358,15.22794474,0,0,0,0,0,0,0,0,0,0,0,0.159241682,0,0
2296,1.750045266,74.00780186,23.69096118,0,0,0.198435827,1.934371168,0,0,0,0.023640239,0,0.06721367,0,0.077576059,0,0
2329,1.018705205,84.58475314,15.3114502,0,0,0,0,0,0,0,0,0,0,0,0.103796657,0,0
2330,1.031053598,84.96954327,14.93274312,0,0,0,0,0,0,0,0,0,0,0,0.09771361,0,0
2363,1.124971704,84.97668325,14.88544637,0,0,0,0,0,0,0,0,0,0,0,0.137870381,0,0
2403,1.414067505,75.53588619,22.9359976,0,0,0.186222001,0.302537669,0,0,0,0,0,0.908467408,0,0.130889135,0,0
2408,1.067241867,84.72379993,15.15234638,0,0,0,0,0,0,0,0,0,0,0,0.123853691,0,0
2411,1.04325584,85.16121868,14.73806488,0,0,0,0,0,0,0,0,0,0,0,0.100716444,0,0
2416,6.520955518,78.78140311,20.03286942,0,0.150870155,0.1436534,0.270237675,0.166218818,0,0.06458861,0.120600142,0.104947282,0.091610421,0,0.073000974,0,0
2417,1.321542524,85.38951209,14.51643465,0,0,0,0,0,0,0,0,0,0,0,0.094053259,0,0
2445,1.018705205,85.79602694,14.06042958,0,0,0,0,0,0,0,0,0,0,0,0.143543481,0,0
2447,3.824903794,81.1106278,18.78410399,0,0,0,0,0,0,0,0,0,0,0,0.105268216,0,0
2461,1.04325584,85.28842387,14.51526368,0,0,0,0.069411522,0,0,0,0,0,0,0,0.126900931,0,0
2485,1.04325584,84.15912726,15.72926247,0,0,0,0,0,0,0,0,0,0,0,0.111610269,0,0
2522,3.761512426,83.53032991,16.35541345,0,0,0,0,0,0,0,0,0,0,0,0.11425664,0,0
2524,5.922951985,82.52592045,17.34156875,0,0,0,0,0,0,0,0,0,0,0,0.132510793,0,0
2535,2.110634004,82.91517888,16.95360284,0,0,0,0,0,0,0,0,0,0,0,0.13121828,0,0
2537,1.311931178,84.53614724,15.31697601,0,0,0,0,0,0,0,0,0,0,0,0.146876756,0,0
2575,3.774946442,83.06193913,16.80133956,0,0,0,0,0,0,0,0,0,0,0,0.136721307,0,0
2577,2.474937749,84.75237987,15.15364697,0,0,0,0,0,0,0,0,0,0,0,0.093973164,0,0
2632,1.431855217,86.16297217,13.52999382,0,0,0,0.202782033,0,0,0,0,0,0,0,0.104251977,0,0
2634,3.980556232,68.83493567,26.44523785,0.541639976,0,0.606762774,3.327784692,0,0,0,0.061378684,0,0.122336168,0,0.05992418,0,0
2641,1.04325584,84.12238715,15.75132181,0,0,0,0,0,0,0,0,0,0,0,0.126291039,0,0
2665,1.201141092,83.58862302,16.26769128,0,0,0,0,0,0,0,0,0,0,0,0.143685696,0,0
2679,1.124971704,84.40442642,15.27417791,0.182622045,0,0,0,0,0,0,0,0,0,0,0.138773621,0,0
2793,1.405089208,84.51052377,15.35036011,0,0,0,0,0,0,0,0,0,0,0,0.139116119,0,0
2809,1.04325584,99.71740412,0,0,0,0,0.115164912,0,0,0,0,0,0,0,0.167430969,0,0
2851,1.079034952,81.09910809,17.96327029,0.089695191,0,0,0.646742573,0,0,0,0,0.091070451,0,0,0.110113404,0,0
2923,1.201141092,86.94612994,12.8438583,0,0,0,0.057915747,0,0,0,0,0,0,0,0.15209601,0,0
3005,1.431855217,75.95648826,22.11276572,0,0,0,1.81633265,0,0,0,0,0,0.034227278,0,0.080186089,0,0
3018,1.147250534,84.74790012,15.25209988,0,0,0,0,0,0,0,0,0,0,0,0,0,0
3023,1.031053598,85.12837548,14.74604615,0,0,0,0,0,0,0,0,0,0,0,0.125578373,0,0
3039,1.055317002,84.31209286,15.58448895,0,0,0,0,0,0,0,0,0,0,0,0.103418191,0,0
3077,1.018705205,82.95391992,16.91354846,0,0,0,0,0,0,0,0,0,0,0,0.132531622,0,0
3110,1.190558145,85.47589702,14.40377488,0,0,0,0,0,0,0,0,0,0,0,0.120328094,0,0
3120,6.495676633,71.73493724,24.21823088,0,0.063062286,0.530903138,1.896728234,0,0.300849412,0.039325066,0.035828004,1.100404435,0.079731296,0,0,0,0
3297,3.478328099,75.47629433,22.02791968,0,0.204839533,0.763619267,0.924413987,0,0,0.142480967,0,0,0.387709416,0,0,0.072722813,0
3336,1.272760193,84.80397341,15.09375618,0,0,0,0,0,0,0,0,0,0,0,0,0.102270403,0
3342,1.414067505,84.52865106,15.35537508,0,0,0,0,0,0,0,0,0,0,0,0,0.11597386,0
3353,1.440666717,81.69913187,16.84470061,0.303872561,0.124324115,0.310322178,0.481431259,0,0,0.093729189,0,0,0.076656232,0,0,0.065831984,0
3364,1.525985864,86.57105127,13.33099466,0,0,0,0,0,0,0,0,0,0,0,0,0.097954062,0
3393,1.031053598,85.28647625,14.61472082,0,0,0,0,0,0,0,0,0,0,0,0,0.098802928,0
3417,1.067241867,85.71329339,14.11607442,0,0,0,0,0,0,0,0,0,0,0,0,0.170632182,0
3435,1.190558145,86.15619094,13.73365351,0,0,0,0,0,0,0,0,0,0,0,0,0.11015555,0
3612,1.440666717,85.16940539,14.72480353,0,0,0,0,0,0,0,0,0,0,0,0,0.105791086,0
3667,1.136165728,85.15363857,14.70913007,0,0,0,0,0,0,0,0,0,0,0,0,0.13723136,0
3674,1.292494086,82.03177592,16.72773134,0,0,0.186976249,0.315137506,0,0,0.031306965,0,0,0.585041718,0,0,0.122030297,0
3835,1.079034952,99.80486566,0,0,0,0,0,0,0,0,0,0,0,0,0,0.195134344,0
3844,1.272760193,85.51172864,14.3873125,0,0,0,0,0,0,0,0,0,0,0,0,0.100958865,0
3851,1.542483488,99.80221529,0,0,0,0,0,0,0,0,0,0,0,0,0,0.197784714,0
4133,1.124971704,86.74739357,13.08193023,0,0,0,0,0,0,0,0,0,0,0,0,0.170676201,0
4234,1.006205281,99.81632887,0,0,0,0,0,0,0,0,0,0,0,0,0,0.183671127,0
4264,1.136165728,85.8190258,14.03227131,0,0,0,0,0,0,0,0,0,0,0,0,0.14870289,0
4266,1.079034952,99.86343378,0,0,0,0,0,0,0,0,0,0,0,0,0,0.136566223,0
4276,1.272760193,86.45171798,13.43495293,0,0,0,0,0,0,0,0,0,0,0,0,0.113329091,0
4483,1.158229259,85.54998213,14.30361933,0,0,0,0,0,0,0,0,0,0,0,0,0.14639854,0
4516,1.079034952,85.57542778,14.26806713,0,0,0,0,0,0,0,0,0,0,0,0,0.156505096,0
4520,1.006205281,85.74167911,14.16150577,0,0,0,0,0,0,0,0,0,0,0,0,0.096815118,0
8810,1.201141092,85.75679646,14.12821066,0,0,0,0,0,0,0,0,0,0,0,0,0.11499288,0
8813,1.04325584,86.1622937,13.72505248,0,0,0,0,0,0,0,0,0,0,0,0,0.112653817,0
8842,1.018705205,86.42851986,13.44333554,0,0,0,0,0,0,0,0,0,0,0,0,0.128144606,0
8853,1.04325584,99.84789859,0,0,0,0,0,0,0,0,0,0,0,0,0,0.152101408,0
8866,1.492443617,76.48343311,21.27395989,0.588756023,0,0.413220104,1.140576749,0,0,0,0,0,0,0,0,0.100054122,0
8943,1.252715473,86.24483467,13.58170827,0,0,0,0,0,0,0,0,0,0,0,0,0.173457065,0
8964,1.079034952,85.29948908,14.55019944,0,0,0,0.048181368,0,0,0,0,0,0,0,0,0.102130113,0
8972,1.405089208,99.80003978,0,0,0,0,0,0,0,0,0,0,0,0,0,0.199960223,0
8979,1.067241867,99.71007929,0,0,0,0,0.0950795,0,0,0,0,0,0,0,0,0.19484121,0
8984,1.10224266,99.86074264,0,0,0,0,0,0,0,0,0,0,0,0,0,0.139257357,0
9019,1.090700534,85.44176007,14.26331857,0,0,0.064824207,0.091007735,0,0,0,0,0,0,0,0,0.139089415,0
9022,4.374389945,79.45360469,18.68538301,0,0.048739158,0.621570159,0.853100719,0,0,0.161967549,0.029650381,0,0.072133501,0,0,0.073850827,0
9033,1.124971704,99.66465418,0,0,0,0,0.131978489,0,0,0,0,0,0,0,0,0.20336733,0
9168,1.018705205,85.6344944,14.19900522,0,0,0,0,0,0,0,0,0,0,0,0,0.166500374,0
9203,1.331084471,80.81884884,18.26495711,0,0,0.32891742,0.45279434,0,0,0,0,0,0.047452548,0,0,0.087029747,0
9245,1.396053171,84.38107861,15.52186833,0,0,0,0,0,0,0,0,0,0,0,0,0.097053066,0
9265,1.922352491,78.20641689,19.82068359,0,0.224454028,0.373489438,0.973054545,0,0,0.073515437,0.05385661,0,0.193021193,0,0,0.081508275,0
9274,1.868943361,84.99225359,14.76319763,0.139293404,0,0,0,0,0,0,0,0,0,0,0,0.105255373,0
9276,1.211631606,84.9286183,14.96866345,0,0,0,0,0,0,0,0,0,0,0,0,0.102718252,0
9280,1.158229259,84.38821082,15.54196944,0,0,0,0.069819736,0,0,0,0,0,0,0,0,0,0
9287,1.10224266,84.56730076,15.30792656,0,0,0,0,0,0,0,0,0,0,0,0,0.124772674,0
9332,1.302248897,84.39807681,15.51425365,0,0,0,0,0,0,0,0,0,0,0,0,0.087669541,0
9338,7.715698621,62.82780663,29.58569112,1.787941802,0.251450255,1.838560339,3.264030674,0,0,0.049822447,0.0707059,0,0.265133508,0,0,0.058857319,0
9349,2.375795352,78.79747812,19.16994869,0,0.180796347,0.533644442,0.967918139,0,0,0.091331304,0.030724649,0,0.153192374,0,0,0.074965939,0
9388,5.14051755,78.22156898,21.77843102,0,0,0,0,0,0,0,0,0,0,0,0,0,0
9435,1.590950241,85.82057573,14.03056416,0,0,0,0,0,0,0,0,0,0,0,0,0.148860108,0
9438,1.136165728,85.89242654,13.93335077,0,0,0,0.052916621,0,0,0,0,0,0,0,0,0.121306066,0
9439,1.10224266,83.12397615,16.87602385,0,0,0,0,0,0,0,0,0,0,0,0,0,0
9441,4.641104818,82.78658022,17.11473805,0,0,0,0,0,0,0,0,0,0,0,0,0.098681725,0
9449,1.067241867,85.3196619,14.52253225,0,0,0,0,0,0,0,0,0,0,0,0,0.157805856,0
9524,1.169104889,85.8429426,14.0527182,0,0,0,0,0,0,0,0,0,0,0,0,0.104339209,0
9557,4.009068341,71.88650327,25.11119442,0,0,0.143355964,0.72556152,0.08984485,0.040826504,0,1.903150966,0,0,0,0,0.099562511,0
9567,1.031053598,85.13881197,14.74558028,0,0,0,0,0,0,0,0,0,0,0,0,0.115607746,0
9586,1.683703475,85.16093857,14.83906143,0,0,0,0,0,0,0,0,0,0,0,0,0,0
9613,1.158229259,84.71132534,15.18186833,0,0,0,0,0,0,0,0,0,0,0,0,0.106806329,0
9624,1.534256851,78.72682656,19.75684364,0,0.214736865,0.15846254,0.276006014,0,0,0.053565349,0.215057295,0,0.505323981,0,0,0.093177758,0
9662,1.113665169,84.18973291,15.65327811,0.156988987,0,0,0,0,0,0,0,0,0,0,0,0,0
9701,1.492443617,84.40939362,15.59060638,0,0,0,0,0,0,0,0,0,0,0,0,0,0
9730,1.10224266,85.2945272,14.7054728,0,0,0,0,0,0,0,0,0,0,0,0,0,0
9820,1.458129982,86.03730101,13.83080718,0,0,0,0,0,0,0,0,0,0,0,0,0.131891814,0
9850,2.386425362,66.19075569,29.66627158,0,0.137913398,0,3.841710177,0,0,0,0,0,0.098673267,0,0,0.064675889,0
9856,1.405089208,79.96203681,18.83782713,0,0.107597428,0.271922726,0.364037771,0,0,0,0.039069137,0,0.319535125,0,0,0.097973881,0
9925,1.031053598,85.61618986,14.22802612,0,0,0,0,0,0,0,0,0,0,0,0,0.155784018,0
9926,1.079034952,85.09021889,14.7642767,0,0,0,0,0,0,0,0,0,0,0,0,0.145504412,0
9947,1.475386558,84.07116706,15.83146243,0,0,0,0,0,0,0,0,0,0,0,0,0.097370515,0
9965,5.762666869,80.66565376,19.23471524,0,0,0,0,0,0,0,0,0,0,0,0,0.099631001,0
9999,1.179880277,85.03263209,14.84340718,0,0,0,0,0,0,0,0,0,0,0,0,0.123960732,0
10000,1.018705205,84.27829042,15.58185735,0,0,0,0,0,0,0,0,0,0,0,0,0.139852233,0
10014,1.006205281,83.87322345,16.00228118,0,0,0,0,0,0,0,0,0,0,0,0,0.12449537,0
10055,1.031053598,85.37966112,14.40120225,0,0,0,0.107766742,0,0,0,0,0,0,0,0,0.111369894,0
10057,1.10224266,84.51992329,15.48007671,0,0,0,0,0,0,0,0,0,0,0,0,0,0
10082,1.252715473,79.13093025,19.73123083,0,0,0.401124854,0.449183265,0,0,0,0,0,0,0,0.175900286,0.11163052,0
10126,1.440666717,75.75927802,22.46344175,0,0,0,1.6785835,0,0,0,0,0,0,0,0,0.09869673,0
10139,1.980717077,76.73941054,21.24129812,0,0.219496077,0.461014395,0.981922523,0,0,0.066547512,0.065229297,0,0.159938482,0,0,0.06514306,0
10185,1.147250534,85.02862537,14.85417458,0,0,0,0,0,0,0,0,0,0,0,0,0.117200048,0
10197,1.993454939,82.55403961,15.82074989,0.089542346,0.06783653,0.288117952,0.491015035,0,0.049635662,0.03848546,0.380925917,0,0.143918696,0,0,0.075732904,0
10201,7.079281664,63.77612139,30.91349485,0,0.169860621,0.635309107,1.116707119,0,0.038716052,0.098973403,2.989774267,0,0.146513501,0.033026743,0,0.08150294,0
10205,1.321542524,85.51039145,14.37966863,0,0,0,0,0,0,0,0,0,0,0,0,0.109939915,0
10220,4.770198404,65.36683693,30.19211855,0.179331647,0.575573029,0.962956208,1.743090961,0,0,0.166717457,0.054749332,0,0.606163709,0,0.152462182,0,0
10221,1.466783648,85.00537074,14.84790462,0,0,0,0,0,0,0,0,0,0,0,0,0.146724639,0
10236,4.046772007,62.84887547,30.29984721,1.834182567,0,1.323913118,3.60464126,0,0,0,0,0,0.025789589,0,0,0.062750789,0
10239,1.055317002,84.53741503,15.35761143,0,0,0,0,0,0,0,0,0,0,0,0,0.104973536,0
10245,1.136165728,84.1531096,15.8468904,0,0,0,0,0,0,0,0,0,0,0,0,0,0
10256,1.272760193,85.18752242,14.71230675,0,0,0,0,0,0,0,0,0,0,0,0,0.100170832,0
10261,3.272101603,72.42037374,24.81401652,0,0.244723575,0.614538979,1.53434639,0,0,0.086486549,0.036800358,0,0.189828443,0,0,0.058885444,0
10274,1.136165728,85.21873991,14.65134746,0,0,0,0,0,0,0,0,0,0,0,0,0.129912621,0
10305,1.018705205,78.86527091,20.31724919,0,0,0,0.119932242,0,0,0,0.100784128,0,0,0,0.474425893,0.122337633,0
10373,2.428480147,76.64489913,21.84929722,0,0,0,0.084253991,0.605902315,0,0,0.728042172,0,0,0,0,0.08760517,0
10375,1.090700534,84.71299589,15.18685221,0,0,0,0,0,0,0,0,0,0,0,0,0.100151897,0
10392,1.340558502,84.51377253,15.48622747,0,0,0,0,0,0,0,0,0,0,0,0,0,0
10396,2.20448532,79.01743144,19.13964946,0.135802851,0.145903274,0.477805011,0.783310452,0,0,0.074342852,0,0,0.143485105,0,0,0.082269556,0
10407,1.483939596,79.70421663,18.58869288,0.309636344,0.058439928,0,0.178265987,0.530294438,0,0.032476145,0.524278465,0,0,0,0,0.073699181,0
10414,1.169104889,85.59209707,14.27441377,0,0,0,0,0,0,0,0,0,0,0,0,0.133489159,0
10420,1.031053598,85.38673794,14.49184556,0,0,0,0,0,0,0,0,0,0,0,0,0.121416508,0
10431,2.03741041,84.70771443,15.17469769,0,0,0,0,0,0,0,0,0,0,0,0,0.11758788,0
10434,1.980717077,79.61214278,18.87209976,0,0.279882338,0.316088353,0.569444655,0,0,0,0,0,0.263669932,0,0,0.086672175,0
10438,1.067241867,85.85388192,14.02308673,0,0,0,0,0,0,0,0,0,0,0,0,0.123031351,0
10441,1.396053171,84.05241259,15.81580843,0,0,0,0,0,0,0,0,0,0,0,0,0.131778977,0
10476,2.885722368,83.62725689,16.27843821,0,0,0,0,0,0,0,0,0,0,0,0,0.094304901,0
10511,1.757261978,84.34815778,15.56111731,0,0,0,0,0,0,0,0,0,0,0,0,0.090724908,0
10639,1.10224266,85.44726487,14.43625176,0,0,0,0,0,0,0,0,0,0,0,0,0.116483377,0
10734,1.147250534,99.79930977,0,0,0,0,0,0,0,0,0,0,0,0,0,0.200690235,0
10737,1.079034952,85.41929733,14.44819041,0,0,0,0,0,0,0,0,0,0,0,0,0.132512259,0
10817,1.113665169,84.18353398,15.81646602,0,0,0,0,0,0,0,0,0,0,0,0,0,0
10915,1.272760193,84.71363915,15.28636085,0,0,0,0,0,0,0,0,0,0,0,0,0,0
10930,4.885538536,71.49593165,24.85557687,0,0,0.787459545,0.631713107,0,0.081507439,0.040758162,0.047979953,0.077003744,1.922058127,0,0,0.06001141,0
10954,1.483939596,77.36100081,20.3817614,0,0,0,0.245351867,0,0,0,0,0,1.707070419,0,0,0.3048155,0
10977,3.248812327,85.26246036,14.52915788,0,0,0,0.108489088,0,0,0,0,0,0,0,0,0.099892678,0
11010,1.067241867,84.46319436,15.39506308,0,0,0,0,0,0,0,0,0,0,0,0,0.141742563,0
11032,1.158229259,77.20548069,21.04855102,0,0.083041221,0.666196559,0.793599826,0,0,0,0.056849459,0,0.060669922,0,0,0.085611306,0
11049,1.018705205,84.77506948,15.05183727,0,0,0,0.047339428,0,0,0,0,0,0,0,0,0.125753815,0
11050,1.090700534,85.32514292,14.54080965,0,0,0,0,0,0,0,0,0,0,0,0,0.13404743,0
11076,1.124971704,84.90806007,14.88928851,0,0,0,0.075545187,0,0,0,0,0,0,0,0,0.127106241,0
11077,1.04325584,85.06205026,14.80784505,0,0,0,0,0,0,0,0,0,0,0,0,0.130104697,0
11109,1.136165728,85.79143227,14.01181202,0,0,0,0.116677577,0,0,0,0,0,0,0,0,0.080078132,0
11158,1.018705205,85.23478559,14.76521441,0,0,0,0,0,0,0,0,0,0,0,0,0,0
11172,1.201141092,84.19253598,15.7120428,0,0,0,0,0,0,0,0,0,0,0,0,0.095421216,0
11236,1.377803325,85.29750511,14.53442557,0,0,0,0.065222434,0,0,0,0,0,0,0,0,0.102846881,0
11274,1.079034952,84.72383285,15.15312723,0,0,0,0,0,0,0,0,0,0,0,0,0.123039923,0
11278,1.292494086,84.27620067,15.61517416,0,0,0,0,0,0,0,0,0,0,0,0,0.108625168,0
11289,1.386958265,79.27885841,19.09810377,0,0,0.081171177,0.316524534,0.139073079,0,0,0.090973191,0,0.76521968,0,0,0.230076161,0
11304,1.431855217,85.00588357,14.91449167,0,0,0,0,0,0,0,0,0,0,0,0,0.079624751,0
11312,1.018705205,85.94478187,13.92662957,0,0,0,0,0,0,0,0,0,0,0,0,0.12858856,0
11348,1.928924655,79.49482921,18.48611321,0.338048689,0,0,0,0.818587948,0,0,0.742620626,0,0,0,0,0.119800321,0
11353,1.292494086,81.74639098,17.33271279,0,0,0,0,0,0,0,0,0,0.71340497,0,0,0.207491257,0
11401,1.136165728,85.99940325,13.91226055,0,0,0,0,0,0,0,0,0,0,0,0,0.0883362,0
11514,1.006205281,85.60584686,14.28759234,0,0,0,0,0,0,0,0,0,0,0,0,0.106560807,0
11537,1.862159515,73.0041244,23.90670638,0,0.66929719,0,0.159314117,0,0,0,0.524233204,0,1.584911468,0,0,0.151413236,0
11596,1.006205281,85.94524389,13.93019872,0,0,0,0,0,0,0,0,0,0,0,0,0.124557384,0
11696,1.079034952,83.39681435,15.89741867,0,0.078360299,0.13018506,0.331957681,0,0,0,0.047454425,0,0,0,0,0.117809513,0
11703,1.006205281,85.72510363,14.19953923,0,0,0,0,0,0,0,0,0,0,0,0,0.075357142,0
11761,2.316458517,73.26044274,24.20416537,0,0.123458116,0.42660041,0.819135696,0.454609305,0,0.08939094,0.423742111,0,0.170859899,0,0.027595414,0,0
11780,1.067241867,87.18357702,12.57699902,0,0,0,0.072554358,0,0,0,0,0,0,0,0,0.1668696,0
11795,1.031053598,84.73496247,15.15814211,0,0,0,0,0,0,0,0,0,0,0,0,0.106895425,0
11851,1.550666482,84.31730405,15.60175662,0,0,0,0,0,0,0,0,0,0,0,0,0.080939329,0
11889,2.495307951,75.2425517,22.9394738,0,0,0.347753301,1.085230603,0,0,0,0.08418101,0,0.178603642,0,0.03113779,0.091068161,0
11892,1.44942465,99.68739846,0,0,0,0,0.152288577,0,0,0,0,0,0,0,0,0.160312963,0
11921,1.04325584,84.41345635,15.46304409,0,0,0,0,0,0,0,0,0,0,0,0,0.123499561,0
11922,5.469723025,73.28395405,23.01100498,0,0.328214731,1.009036413,1.743571433,0,0,0.161271912,0.025794457,0,0.361184498,0,0,0.075967525,0
11962,1.466783648,85.37431637,14.54057371,0,0,0,0,0,0,0,0,0,0,0,0,0.085109922,0
11970,1.590950241,85.97537982,13.81867146,0,0,0,0,0,0,0.121001506,0,0,0,0,0,0.084947209,0
12031,1.04325584,85.5476493,14.32660322,0,0,0,0,0,0,0,0,0,0,0,0,0.125747478,0
12032,1.396053171,84.51886816,15.37777413,0,0,0,0,0,0,0,0,0,0,0,0,0.103357708,0
12057,1.147250534,99.8506808,0,0,0,0,0,0,0,0,0,0,0,0,0,0.149319205,0
12058,1.006205281,99.72791728,0,0,0,0,0.110527528,0,0,0,0,0,0,0,0,0.161555189,0
12066,1.006205281,87.54366727,12.3612031,0,0,0,0,0,0,0,0,0,0,0,0,0.09512963,0
12076,1.04325584,87.07716361,12.51673003,0.202854023,0,0,0.08658097,0,0,0,0,0,0,0,0,0.116671365,0
12091,1.067241867,85.85683531,14.00584354,0,0,0,0,0,0,0,0,0,0,0,0,0.137321147,0
12100,1.302248897,84.73832705,15.14281661,0,0,0,0,0,0,0,0,0,0,0,0,0.118856337,0
12109,1.614638149,71.93569261,25.38194646,0.770638128,0,0.503795439,1.407927363,0,0,0,0,0,0,0,0,0,0
12129,1.124971704,86.26330583,13.62073744,0,0,0,0,0,0,0,0,0,0,0,0,0.115956726,0
12251,2.444064136,71.01016319,25.16182697,0.685877963,0.193207522,0.710005701,1.892458493,0,0,0.029540989,0.09043554,0,0.120696496,0,0,0.105787129,0
12312,3.4047822,65.690467,30.38993735,0,0.53477111,0.305161334,2.60708105,0,0,0,0.068742381,0,0.330821092,0,0,0.073018691,0
12452,2.006111923,77.2548386,20.8318074,0,0.710568333,0.26264224,0.632895639,0,0,0,0,0,0.217658403,0,0,0.089589385,0
12491,1.10224266,81.77407417,17.26920793,0,0,0,0,0,0,0,0,0,0.79954008,0,0,0.15717782,0
12502,1.067241867,99.79259487,0,0,0,0,0,0,0,0,0,0,0,0,0,0.207405128,0
12545,1.509307922,86.00795067,13.77268955,0,0,0,0.080310708,0,0,0,0,0,0,0,0,0.13904907,0
12568,1.04325584,85.71743739,14.15809303,0,0,0,0,0,0,0,0,0,0,0,0,0.124469583,0
12573,1.492443617,85.44772486,14.41369835,0,0,0,0,0,0,0,0,0,0,0,0,0.138576787,0
12574,1.124971704,84.99309235,14.84662289,0,0,0,0,0,0,0,0,0,0,0,0,0.160284764,0
12583,1.252715473,81.20617967,17.86170811,0,0.069926878,0.288406053,0.429475962,0,0,0,0,0,0.064244898,0,0,0.080058435,0
12587,1.517669803,79.60705419,18.86927765,0,0.169204334,0.369070201,0.731203917,0,0,0.044949555,0,0,0.127452249,0,0,0.081787902,0
12598,1.550666482,85.68682879,14.20025725,0,0,0,0,0,0,0,0,0,0,0,0,0.112913965,0
12601,1.321542524,85.58814503,14.30776383,0,0,0,0,0,0,0,0,0,0,0,0,0.104091141,0
12603,2.845978311,69.81572007,26.53429659,0,1.752854937,0,0.042291741,0,0,0,1.761427388,0,0.093409273,0,0,0,0
12632,2.984887234,68.06709642,26.73232521,1.274276701,0,1.031819744,2.767808764,0,0,0.023402775,0,0,0.046556127,0,0,0.056714253,0
12755,1.055317002,99.82660879,0,0,0,0,0,0,0,0,0,0,0,0,0,0.173391211,0
12798,1.055317002,99.79954092,0,0,0,0,0,0,0,0,0,0,0,0,0,0.200459084,0
12800,1.458129982,78.23324077,19.81394087,0,0,0,0,0,0.059705592,0,0.034609063,0,1.752063685,0,0,0.106440015,0
12829,1.820925781,84.78694955,15.11592695,0,0,0,0,0,0,0,0,0,0,0,0,0.097123498,0
12840,1.04325584,85.35203587,14.57244684,0,0,0,0,0,0,0,0,0,0,0,0,0.075517296,0
12856,1.190558145,85.77227098,14.11375713,0,0,0,0,0,0,0,0,0,0,0,0,0.113971893,0
12876,1.517669803,83.5316016,16.19203902,0.164902998,0,0,0,0,0,0,0,0,0,0,0,0.111456387,0
13200,1.440666717,85.1221304,14.43778249,0.331286473,0,0,0,0,0,0,0,0,0,0,0,0.108800637,0
13204,1.222032068,84.52157318,15.32086518,0,0,0,0.06362888,0,0,0,0,0,0,0,0,0.093932759,0
13234,1.242571861,84.65613659,15.23187363,0,0,0,0,0,0,0,0,0,0,0,0,0.111989777,0
13268,1.292494086,85.07649956,14.80682436,0,0,0,0,0,0,0,0,0,0,0,0,0.116676085,0
13280,3.631411449,72.46604201,22.72332574,0,1.00118484,0.218461801,2.310056103,0,0,0,0.057419284,0.582137121,0,0.581298443,0,0.06007466,0
13340,3.568129347,82.8612968,16.97454528,0,0,0,0.069050664,0,0,0,0,0,0,0,0,0.095107258,0
13349,1.031053598,83.67456378,16.12404582,0.121995644,0,0,0,0,0,0,0,0,0,0,0,0.079394756,0
13368,1.331084471,85.47258919,14.18626916,0,0,0.086306257,0.163716153,0,0,0,0,0,0,0,0,0.091119235,0
13417,1.961455189,81.09311499,17.82296613,0,0.087048504,0.22004175,0.435119224,0,0,0,0.036444396,0.120233048,0,0.100385061,0,0.084646907,0
13424,1.04325584,85.00759325,14.87187095,0,0,0,0,0,0,0,0,0,0,0,0,0.120535804,0
13427,1.018705205,82.78248508,16.78342844,0,0,0,0.241016832,0,0,0,0,0,0,0.063919546,0,0.129150102,0
13437,1.954992387,84.32106233,15.47470409,0,0,0,0.076112405,0,0,0,0,0,0,0,0,0.128121182,0
13473,1.222032068,85.70173591,14.13677836,0,0,0,0.07027905,0,0,0,0,0,0,0,0,0.091206676,0
13545,1.006205281,84.77452128,15.22547872,0,0,0,0,0,0,0,0,0,0,0,0,0,0
13558,1.090700534,85.25789849,14.5911928,0,0,0,0,0,0,0,0,0,0,0,0,0.150908709,0
13608,1.311931178,84.81261493,15.04931677,0,0,0,0,0,0,0,0,0,0,0,0,0.138068301,0
13649,1.031053598,84.23078175,15.76921825,0,0,0,0,0,0,0,0,0,0,0,0,0,0
13703,1.018705205,85.76920985,13.94373018,0.182254412,0,0,0,0,0,0,0,0,0,0,0,0.104805564,0
13705,1.252715473,84.72882942,15.14522038,0,0,0,0,0,0,0,0,0,0,0,0,0.1259502,0
13752,1.262777606,80.0528786,18.82309466,0,0,0,1.028192882,0,0,0,0,0,0,0,0,0.095833855,0
13807,1.079034952,83.84940483,16.04816421,0,0,0,0,0,0,0,0,0,0,0,0,0.102430957,0
13849,1.764449173,82.4665087,16.55919359,0.106274281,0.237987202,0.119190409,0.352545946,0,0,0,0,0,0,0.03726551,0,0.12103437,0
13884,4.643830871,72.00044524,24.72976268,0,0.180073705,1.077870892,1.511192318,0,0,0,0.161974811,0.031048922,0,0.218300959,0.026666974,0.062663506,0
13888,1.683703475,84.78766186,14.86198908,0,0,0,0.170223051,0,0,0,0,0,0,0,0,0.180126004,0
13900,1.055317002,87.29056164,12.51816136,0,0,0,0.087801667,0,0,0,0,0,0,0,0,0.103475334,0
14080,1.113665169,84.68533995,15.16913026,0,0,0,0,0,0,0,0,0,0,0,0,0.145529794,0
14260,3.31818981,78.19477279,20.77834389,0,0.179753964,0,0,0,0,0,0,0.753276964,0,0,0,0.093852394,0
14327,1.031053598,83.087765,16.10768786,0,0,0,0,0,0,0,0,0,0.096311347,0.583710459,0,0.124525339,0
14350,1.006205281,85.17787601,14.68469583,0,0,0,0,0,0,0,0,0,0,0,0,0.137428159,0
14361,1.190558145,86.07306574,13.71072132,0,0,0,0,0,0,0.099205337,0,0,0,0,0,0.117007605,0
14375,1.466783648,99.83167834,0,0,0,0,0,0,0,0,0,0,0,0,0,0.168321659,0
14377,1.661000816,99.86545772,0,0,0,0,0,0,0,0,0,0,0,0,0,0.134542276,0
14406,1.359308482,85.29143136,14.60044489,0,0,0,0,0,0,0,0,0,0,0,0,0.108123746,0
14410,1.10224266,86.05218432,13.79881091,0,0,0,0,0,0,0,0,0,0,0,0,0.149004769,0
14587,1.158229259,99.84504656,0,0,0,0,0,0,0,0,0,0,0,0,0,0.154953442,0
14634,1.04325584,86.50529415,13.3444524,0,0,0,0,0,0,0,0,0,0,0,0,0.150253445,0
14654,1.018705205,99.84078062,0,0,0,0,0,0,0,0,0,0,0,0,0,0.159219376,0
14666,1.211631606,82.0228094,17.22230061,0,0.103862142,0,0.149324508,0,0.183190382,0,0,0.197006109,0,0,0,0.121506851,0
14675,1.483939596,86.46335844,13.40212872,0,0,0,0,0,0,0,0,0,0,0,0,0.134512835,0
14996,1.169104889,84.66960708,15.33039292,0,0,0,0,0,0,0,0,0,0,0,0,0,0
15015,1.242571861,84.18612254,15.68456699,0,0,0,0,0,0,0,0,0,0,0,0,0.12931047,0
15142,1.483939596,85.96133972,13.93472722,0,0,0,0,0,0,0,0,0,0,0,0,0.103933063,0
15146,1.113665169,85.18110447,14.68658538,0,0,0,0,0,0,0,0,0,0,0,0,0.132310154,0
15150,1.10224266,99.77933311,0,0,0,0,0,0,0,0,0,0,0,0,0,0.220666891,0
15218,1.018705205,99.78465929,0,0,0,0,0,0,0,0,0,0,0,0,0,0.215340713,0
16368,1.055317002,87.83042389,11.89244441,0,0,0,0.09055911,0,0,0,0,0,0,0,0,0.186572588,0
16407,1.04325584,84.96356946,14.88714985,0,0,0,0,0,0,0,0,0,0,0,0,0.149280693,0
16465,1.386958265,84.72453439,15.13647264,0,0,0,0,0,0,0,0,0,0,0,0,0.138992974,0
16550,2.049795998,80.92573326,17.78535186,0,0.141676483,0.259392214,0.654181895,0,0,0,0.03218906,0.047146418,0,0.066336549,0,0.087992252,0
16564,1.190558145,85.79639721,14.00759119,0,0,0,0.100049482,0,0,0,0,0,0,0,0,0.095962116,0
16612,1.542483488,85.41616783,14.47696631,0,0,0,0,0,0,0,0,0,0,0,0,0.106865859,0
16695,1.018705205,87.04686805,12.74275516,0,0,0,0.07658072,0,0,0,0,0,0,0,0,0.133796067,0
16821,1.04325584,86.31783786,13.47453336,0,0,0,0.072400184,0,0,0,0,0,0,0,0,0.135228599,0
16944,1.055317002,85.02649373,14.88847885,0,0,0,0,0,0,0,0,0,0,0,0,0.085027417,0
17020,1.079034952,99.73465509,0,0,0,0,0.086932807,0,0,0,0,0,0,0,0,0.178412106,0
17063,1.04325584,84.04806132,15.36251078,0.45389254,0,0,0,0,0,0,0,0,0,0,0,0.135535365,0
17108,1.359308482,84.52813809,15.3383371,0,0,0,0,0,0,0,0,0,0,0,0,0.133524808,0
17150,1.158229259,86.25224728,13.52243839,0,0,0,0.085089826,0,0,0,0,0,0,0,0,0.1402245,0
17152,1.147250534,100,0,0,0,0,0,0,0,0,0,0,0,0,0,0,0
17237,1.211631606,87.21933336,12.61868318,0,0,0,0.079622828,0,0,0,0,0,0,0,0,0.082360633,0
17305,4.236231785,61.95669878,32.84901773,0,0.120433529,0,0,0,0,0,0,4.982246064,0,0,0,0.091603901,0
17312,1.368587146,85.29816944,14.70183056,0,0,0,0,0,0,0,0,0,0,0,0,0,0
17351,1.018705205,85.73220678,14.16246459,0,0,0,0,0,0,0,0,0,0,0,0,0.105328637,0
17360,1.006205281,84.80370454,15.08037548,0,0,0,0,0,0,0,0,0,0,0,0,0.115919981,0
17378,1.190558145,99.84513955,0,0,0,0,0,0,0,0,0,0,0,0,0,0.154860447,0
17413,1.124971704,85.6991704,13.89883257,0.163222439,0,0,0.104828551,0,0,0,0,0,0,0,0,0.133946047,0
17441,1.018705205,84.3367939,15.53998564,0,0,0,0,0,0,0,0,0,0,0,0,0.123220462,0
17467,1.031053598,86.07061093,13.81206428,0,0,0,0,0,0,0,0,0,0,0,0,0.117324789,0
17503,1.090700534,86.03076485,13.77755287,0,0,0,0,0,0,0,0,0,0,0,0,0.191682282,0
17529,1.018705205,85.92456458,13.86392559,0,0,0,0.061460596,0,0,0,0,0,0,0,0,0.150049235,0
17557,1.04325584,99.89323514,0,0,0,0,0.106764859,0,0,0,0,0,0,0,0,0,0
17558,1.56690427,85.31885373,14.5383884,0,0,0,0.060375945,0,0,0,0,0,0,0,0,0.082381924,0
17563,1.158229259,99.75780443,0,0,0,0,0.089408098,0,0,0,0,0,0,0,0,0.152787467,0
17578,1.414067505,85.61658704,14.23749133,0,0,0,0,0,0,0,0,0,0,0,0,0.145921638,0
17581,1.292494086,99.85226592,0,0,0,0,0,0,0,0,0,0,0,0,0,0.147734081,0
17588,1.018705205,85.01140461,14.79604624,0,0,0,0.076851559,0,0,0,0,0,0,0,0,0.11569759,0
17649,1.055317002,85.36144618,14.55930734,0,0,0,0,0,0,0,0,0,0,0,0,0.079246473,0
17670,1.006205281,85.25859943,14.61905765,0,0,0,0,0,0,0,0,0,0,0,0,0.122342913,0
17697,1.158229259,83.61514899,16.27008156,0,0,0,0,0,0,0,0,0,0,0,0,0.114769444,0
17722,1.691203305,83.55335901,16.34670899,0,0,0,0,0,0,0,0,0,0,0,0,0.099932,0
17733,1.04325584,84.69271572,14.98002475,0.327259525,0,0,0,0,0,0,0,0,0,0,0,0,0
17763,1.368587146,76.68780066,21.81062841,0,0,0.254241695,0.997194019,0,0,0,0,0,0,0.155068321,0,0.095066887,0
17802,2.805671311,83.17633119,16.73160872,0,0,0,0,0,0,0,0,0,0,0,0,0.092060095,0
18320,4.065492718,75.08075893,22.19930778,0,0.095135766,1.067168909,1.246283129,0,0,0,0.101955913,0,0,0.150781291,0,0.058608278,0
18325,1.311931178,85.42774147,14.41216688,0,0,0,0.059227842,0,0,0,0,0,0,0,0,0.100863799,0
18842,1.006205281,85.67122072,14.23332733,0,0,0,0,0,0,0,0,0,0,0,0,0.095451953,0
18900,1.079034952,84.35828055,15.51855381,0,0,0,0,0,0,0,0,0,0,0,0,0.123165639,0
19017,1.006205281,85.40661742,14.43039259,0,0,0,0,0,0,0,0,0,0,0,0,0.162989991,0
19060,1.090700534,86.28047293,13.59364117,0,0,0,0,0,0,0,0,0,0,0,0,0.125885901,0
19136,1.018705205,86.02661393,13.76930813,0,0,0,0.06377594,0,0,0,0,0,0,0,0,0.140301997,0
19175,1.882437712,81.11098661,17.46680704,0,0.060329092,0.572109962,0.597946972,0,0,0,0.04289828,0,0,0.061781647,0,0.087140391,0
19191,1.055317002,85.21546388,14.70427355,0,0,0,0,0,0,0,0,0,0,0,0,0.08026257,0
19224,1.136165728,99.83672185,0,0,0,0,0,0,0,0,0,0,0,0,0,0.163278154,0
19283,1.113665169,85.24263693,14.62609085,0,0,0,0,0,0,0,0,0,0,0,0,0.131272219,0
19295,1.067241867,84.80378803,15.07840333,0,0,0,0,0,0,0,0,0,0,0,0,0.117808643,0
19312,1.04325584,86.347769,13.4793003,0,0,0,0.071998359,0,0,0,0,0,0,0,0,0.100932335,0
19370,1.079034952,85.23171486,14.67163142,0,0,0,0,0,0,0,0,0,0,0,0,0.096653715,0
19430,1.414067505,86.29291082,13.61240684,0,0,0,0,0,0,0,0,0,0,0,0,0.094682342,0
19501,1.440666717,87.27305531,12.58482764,0,0,0,0,0,0,0,0,0,0,0,0,0.14211705,0
19509,1.031053598,85.82044885,14.05229132,0,0,0,0,0,0,0,0,0,0,0,0,0.127259824,0
19529,1.302248897,99.86451479,0,0,0,0,0,0,0,0,0,0,0,0,0,0.135485205,0
19543,1.055317002,99.76806847,0,0,0,0,0,0,0,0,0,0,0,0.066262589,0,0.165668936,0
19570,1.006205281,86.68401593,13.07819565,0.168055618,0,0,0.069732802,0,0,0,0,0,0,0,0,0,0
19658,1.055317002,85.11566104,14.77810824,0,0,0,0,0,0,0,0,0,0,0,0,0.106230717,0
19707,1.067241867,85.0198508,14.9801492,0,0,0,0,0,0,0,0,0,0,0,0,0,0
19730,1.190558145,86.45319401,13.37800599,0,0,0,0,0,0,0,0,0,0,0,0,0.168799999,0
19748,1.158229259,87.21633357,12.45019263,0,0,0,0.060944375,0.154886507,0,0,0,0,0,0,0,0.117642909,0
19818,1.031053598,84.3937662,15.4924269,0,0,0,0,0,0,0,0,0,0,0,0,0.113806896,0
20307,1.04325584,87.45585118,12.37548103,0,0,0,0,0,0,0,0,0,0,0,0,0.168667785,0
20311,1.201141092,99.85486343,0,0,0,0,0,0,0,0,0,0,0,0,0,0.145136567,0
20336,1.179880277,84.65194169,15.34805831,0,0,0,0,0,0,0,0,0,0,0,0,0,0
20485,1.04325584,86.72061268,13.14778088,0,0,0,0,0,0,0,0,0,0,0,0,0.131606442,0
20535,1.055317002,86.87295757,12.93810052,0,0,0,0.069068981,0,0,0,0,0,0,0,0,0.119872921,0
20680,1.252715473,85.57737628,14.28532636,0,0,0,0,0,0,0,0,0,0,0,0,0.137297352,0
20686,1.031053598,85.12977616,14.75550199,0,0,0,0,0,0,0,0,0,0,0,0,0.114721856,0
20707,1.006205281,99.55671566,0,0,0,0,0.111124189,0,0.16050755,0,0,0,0,0,0,0.171652598,0
20896,1.292494086,85.21519621,14.67830617,0,0,0,0,0,0,0,0,0,0,0,0,0.106497618,0
20908,1.067241867,84.48502533,15.41268539,0,0,0,0,0,0,0,0,0,0,0,0,0.102289279,0
20929,1.331084471,84.04197424,15.87660325,0,0,0,0,0,0,0,0,0,0,0,0,0.081422513,0
20944,1.147250534,85.827196,14.03693965,0,0,0,0,0,0,0,0,0,0,0,0,0.135864353,0
20953,1.349966045,85.62856521,14.24706354,0,0,0,0,0,0,0,0,0,0,0,0,0.124371249,0
20985,1.252715473,85.57447192,14.31711214,0,0,0,0,0,0,0,0,0,0,0,0,0.10841594,0
21019,1.113665169,86.08123819,13.70574024,0,0,0,0.069513039,0,0,0,0,0,0,0,0,0.143508532,0
21067,1.006205281,86.14350962,13.76791076,0,0,0,0,0,0,0,0,0,0,0,0,0.088579621,0
21119,1.006205281,86.50202193,13.29590172,0,0,0,0.089463632,0,0,0,0,0,0,0,0,0.112612721,0
21125,1.090700534,84.57757505,15.32075986,0,0,0,0,0,0,0,0,0,0,0,0,0.101665098,0
21207,1.147250534,85.5329879,14.25700793,0,0,0,0.066920052,0,0,0,0,0,0,0,0,0.143084111,0
21210,1.201141092,84.73112541,15.12921713,0,0,0,0,0,0,0,0,0,0,0,0,0.139657461,0
21216,1.698670022,86.01461175,13.86104872,0,0,0,0,0,0,0,0,0,0,0,0,0.124339531,0
21220,1.706104062,99.81572151,0,0,0,0,0,0,0,0,0,0,0,0,0,0.184278486,0
21224,1.079034952,87.62111846,12.2008934,0,0,0,0.063396758,0,0,0,0,0,0,0,0,0.114591383,0
21256,1.136165728,85.57251199,14.32087305,0,0,0,0,0,0,0,0,0,0,0,0,0.106614962,0
21353,1.079034952,99.91112808,0,0,0,0,0.088871921,0,0,0,0,0,0,0,0,0,0
21377,1.321542524,86.71978531,13.12332764,0,0,0,0.049988526,0,0,0,0,0,0,0,0,0.106898529,0
21472,1.018705205,84.70072457,15.29927543,0,0,0,0,0,0,0,0,0,0,0,0,0,0
21542,1.368587146,85.85087052,14.03106328,0,0,0,0,0,0,0,0,0,0,0,0,0.118066204,0
21677,1.090700534,86.01162387,13.80048145,0,0,0,0.077824689,0,0,0,0,0,0,0,0,0.110069985,0
21707,1.368587146,84.45641962,15.45339845,0,0,0,0,0,0,0,0,0,0,0,0,0.090181927,0
21741,1.067241867,86.34209567,13.50148905,0,0,0,0.077291567,0,0,0,0,0,0,0,0,0.07912371,0
21814,1.04325584,85.88481394,13.81181157,0,0,0,0.085265162,0,0.098285537,0,0,0,0,0,0,0.119823796,0
21839,1.006205281,83.4279792,15.51338641,0.670694559,0.067796515,0,0.06675541,0,0.121287684,0,0,0,0,0,0,0.132100231,0
21859,1.661000816,83.71155937,15.84678319,0,0,0,0.15731662,0,0,0,0,0.166680418,0,0,0,0.117660402,0
21935,1.113665169,85.97625455,13.8999241,0,0,0,0,0,0,0,0,0,0,0,0,0.123821354,0
21944,1.006205281,87.16383985,12.60400857,0,0,0,0.086633819,0,0,0,0,0,0,0,0,0.145517761,0
21961,1.113665169,84.14908673,15.66367081,0,0,0,0.066281946,0,0,0,0,0,0,0,0,0.120960508,0
21996,1.201141092,99.87644325,0,0,0,0,0,0,0,0,0,0,0,0,0,0.123556751,0
22006,1.136165728,85.45136428,14.42496945,0,0,0,0,0,0,0,0,0,0,0,0,0.123666272,0
22016,1.368587146,85.80810917,14.09150686,0,0,0,0,0,0,0,0,0,0,0,0,0.100383973,0
22033,1.113665169,87.54970632,12.24766693,0,0,0,0.068550772,0,0,0,0,0,0,0,0,0.134075979,0
22047,1.211631606,99.87786327,0,0,0,0,0,0,0,0,0,0,0,0,0,0.122136731,0
22062,1.875702672,99.85660545,0,0,0,0,0,0,0,0,0,0,0,0,0,0.143394554,0
22071,1.252715473,86.82944422,13.0027964,0,0,0,0.075825911,0,0,0,0,0,0,0,0,0.091933467,0
22541,1.04325584,86.09917002,13.76616918,0,0,0,0,0,0,0,0,0,0,0,0,0.1346608,0
22567,1.377803325,85.08885172,14.79760935,0,0,0,0,0,0,0,0,0,0,0,0,0.113538927,0
22574,1.431855217,99.84976947,0,0,0,0,0,0,0,0,0,0,0,0,0,0.150230528,0
22587,1.232344758,87.27049371,12.53209061,0,0,0,0.079584494,0,0,0,0,0,0,0,0,0.117831189,0
22595,1.090700534,100,0,0,0,0,0,0,0,0,0,0,0,0,0,0,0
22690,1.090700534,86.6163863,13.18948843,0,0,0,0.05931952,0,0,0,0,0,0,0,0,0.134805749,0
22697,1.018705205,81.01458688,17.91895217,0.256217711,0,0.205678087,0.455371139,0,0,0,0,0.03863518,0,0,0,0.110558832,0
22698,1.232344758,86.56760128,13.2460203,0,0,0,0.07270701,0,0,0,0,0,0,0,0,0.113671418,0
22752,1.252715473,79.41580598,19.23257047,0,0,0,0,0,0.595702232,0,0,0.632081041,0,0,0,0.123840283,0
22758,1.222032068,85.35499981,14.55055122,0,0,0,0,0,0,0,0,0,0,0,0,0.094448977,0
22766,1.377803325,84.53346928,15.35862448,0,0,0,0,0,0,0,0,0,0,0,0,0.107906245,0
23034,1.405089208,80.83935512,18.39517238,0.188641547,0.102741,0,0.22527876,0,0,0,0,0.069424149,0,0.102867189,0,0.076519864,0
23048,4.260064501,75.00153977,22.15707928,0,0.318249792,0.781261247,1.210974266,0,0,0,0.115313491,0.026951468,0,0.324198167,0,0.064432524,0
23052,2.062107196,84.64950333,15.1653856,0,0,0,0.080171659,0,0,0,0,0,0,0,0,0.104939406,0
23053,1.055317002,86.02894875,13.86016942,0,0,0,0,0,0,0,0,0,0,0,0,0.110881822,0
23114,1.44942465,85.03721062,14.85590637,0,0,0,0,0,0,0,0,0,0,0,0,0.106883007,0
23162,1.764449173,80.55634607,18.53225715,0,0,0.05571835,0.147181757,0,0.264185608,0,0,0.320459599,0,0,0,0.123851461,0
23164,2.283443168,73.1097655,23.62653582,0.61381265,0,0.831929096,1.52975893,0,0,0,0.028148358,0.164074364,0,0.046826751,0,0.04914853,0
23211,1.500899456,80.50695371,18.19613288,0.123157955,0.214925221,0.231740196,0.500668576,0,0,0,0.030127031,0,0,0.118419101,0,0.077875331,0
23297,2.012410563,83.10070837,16.76927403,0,0,0,0,0,0,0,0,0,0,0,0,0.130017605,0
23419,1.44942465,87.64921558,12.26916519,0,0,0,0.081619225,0,0,0,0,0,0,0,0,0,0
23424,1.079034952,85.23532714,14.65771034,0,0,0,0,0,0,0,0,0,0,0,0,0.106962519,0
23442,1.598885205,85.38073094,14.52095272,0,0,0,0,0,0,0,0,0,0,0,0,0.098316348,0
23481,1.018705205,85.19790344,14.70167573,0,0,0,0,0,0,0,0,0,0,0,0,0.100420829,0
23485,1.201141092,78.34949595,20.26026809,0,0,0,1.302255444,0,0,0,0,0,0,0,0,0.087980521,0
23517,1.282665091,85.17300227,14.64627842,0,0,0,0.089112803,0,0,0,0,0,0,0,0,0.091606507,0
23524,1.292494086,86.02133063,13.86497313,0,0,0,0,0,0,0,0,0,0,0,0,0.113696239,0
23556,1.018705205,85.38891431,14.40949692,0,0,0,0.096518474,0,0,0,0,0,0,0,0,0.10507029,0
23579,1.079034952,99.69000406,0,0,0,0,0.102765579,0,0,0,0,0,0,0,0,0.207230363,0
23596,1.292494086,85.92603622,13.94229491,0,0,0,0,0,0,0,0,0,0,0,0,0.131668876,0
23650,1.440666717,77.49182445,20.9083182,0,0,0,1.531206636,0,0,0,0,0,0,0,0,0.068650715,0
23683,6.513187849,74.89426904,21.65212315,0.07551759,0.322193466,1.040982312,1.477379876,0,0,0,0.222766386,0,0,0.269026367,0,0.045741816,0
23701,1.031053598,85.22981615,14.6238024,0,0,0,0,0,0,0,0,0,0,0,0,0.14638145,0
23977,1.136165728,85.33901011,14.50736279,0,0,0,0,0,0,0,0,0,0,0,0,0.1536271,0
24122,1.147250534,85.1319509,14.8680491,0,0,0,0,0,0,0,0,0,0,0,0,0,0
24210,1.377803325,85.08615695,14.43806948,0.377880399,0,0,0,0,0,0,0,0,0,0,0,0.097893163,0
24233,1.136165728,85.42887814,14.14170446,0.340647375,0,0,0,0,0,0,0,0,0,0,0,0.088770021,0
24257,1.262777606,84.57801715,15.24519403,0,0,0,0.069798635,0,0,0,0,0,0,0,0,0.106990185,0
24276,1.169104889,85.96272885,13.91784016,0,0,0,0,0,0,0,0,0,0,0,0,0.119430997,0
24279,1.169104889,85.02189238,14.75936486,0,0,0,0.059484971,0,0,0.076324008,0,0,0,0,0,0.082933781,0
24347,1.113665169,99.81813978,0,0,0,0,0,0,0,0,0,0,0,0,0,0.181860219,0
24399,1.349966045,87.34295,12.41739588,0,0,0,0.064305328,0.175348791,0,0,0,0,0,0,0,0,0
24410,1.006205281,85.07389363,14.79750478,0,0,0,0,0,0,0,0,0,0,0,0,0.128601588,0
24451,3.834817169,65.43394982,28.86531673,0,0.098368018,2.679596434,2.51449347,0,0,0,0.084904271,0.073090464,0,0.164969087,0.022025688,0.063286018,0
24481,1.422989155,81.59953747,17.71221905,0,0,0.215584735,0.259495044,0,0,0,0,0,0,0.115518629,0,0.097645075,0
24541,1.018705205,99.63861468,0,0,0,0,0.161496342,0,0,0,0,0,0,0,0,0.19988898,0
24664,7.745166706,63.25775686,31.28525931,0,0,0.342793128,4.970759018,0,0,0,0.020320422,0,0,0.123111263,0,0,0
24682,1.414067505,86.86374678,13.01477143,0,0,0,0,0,0,0,0,0,0,0,0,0.121481782,0
24795,1.179880277,86.80007995,13.19992005,0,0,0,0,0,0,0,0,0,0,0,0,0,0
25195,1.079034952,85.63998379,14.18723447,0,0,0,0.065422076,0,0,0,0,0,0,0,0,0.107359664,0
25291,1.311931178,85.529477,14.34855587,0,0,0,0,0,0,0,0,0,0,0,0,0.121967121,0
25355,1.980717077,85.24250679,14.61720381,0,0,0,0,0,0,0,0,0,0,0,0,0.1402894,0
25361,1.683703475,84.74975647,15.09509744,0,0,0,0,0,0,0,0,0,0,0,0,0.155146088,0
25374,1.031053598,85.0834302,14.78026921,0,0,0,0,0,0,0,0,0,0,0,0,0.136300594,0
25480,1.067241867,83.64405712,16.24457649,0,0,0,0,0,0,0,0,0,0,0,0,0.111366384,0
25531,1.136165728,85.38684639,14.50756659,0,0,0,0,0,0,0,0,0,0,0,0,0.105587016,0
25579,1.04325584,87.4724311,12.34276048,0,0,0,0.069260405,0,0,0,0,0,0,0,0,0.115548023,0
25599,1.974317328,84.02122315,15.86873035,0,0,0,0,0,0,0,0,0,0,0,0,0.1100465,0
25600,1.124971704,84.89276359,15.01774139,0,0,0,0,0,0,0,0,0,0,0,0,0.089495011,0
25895,9.440382897,55.36099792,30.84698749,0.177222595,2.326702728,0.745153714,5.974667455,0,0,0,0,2.8198946,0.055381166,1.318370447,0.374621889,0,0
25901,1.282665091,85.89570659,13.87778956,0,0,0,0.078438679,0,0,0,0,0,0,0,0,0.148065173,0
25924,1.396053171,84.46166183,15.38111198,0,0,0,0,0,0,0,0,0,0,0,0,0.157226191,0
25945,1.147250534,85.33948524,14.55767226,0,0,0,0,0,0,0,0,0,0,0,0,0.1028425,0
25966,1.232344758,86.49414463,13.36614181,0,0,0,0,0,0,0,0,0,0,0,0,0.13971356,0
25992,1.302248897,84.52939684,15.38242414,0,0,0,0,0,0,0,0,0,0,0,0,0.088179019,0
26016,1.169104889,85.53169655,14.27119528,0,0,0,0.09594528,0,0,0,0,0,0,0,0,0.101162894,0
26057,1.792909867,84.78348886,14.9726886,0,0,0,0.107993164,0,0,0,0,0,0,0,0,0.135829376,0
26064,1.475386558,83.51963498,15.93167779,0,0,0,0.449258085,0,0,0,0,0,0,0,0,0.099429149,0
26089,1.868943361,81.28872554,18.24290915,0,0,0,0.468365316,0,0,0,0,0,0,0,0,0,0
26213,1.067241867,100,0,0,0,0,0,0,0,0,0,0,0,0,0,0,0
26225,1.179880277,84.73496105,15.06437214,0,0,0,0.077037733,0,0,0,0,0,0,0,0,0.123629076,0
26246,1.340558502,84.92952916,14.85959544,0.12174011,0,0,0,0,0,0,0,0,0,0,0,0.089135291,0
26258,1.201141092,86.26390651,13.51632653,0,0,0,0.079687423,0,0,0,0,0,0,0,0,0.140079541,0
26266,6.064421853,65.76113619,28.41539934,0,1.456280293,1.520081884,1.579987478,0,0,0,0.047543384,0,0,1.219571424,0,0,0
26293,1.067241867,86.61266794,13.28701406,0,0,0,0.100317999,0,0,0,0,0,0,0,0,0,0
26299,1.262777606,83.2996193,16.14053629,0,0,0,0.460352458,0,0,0,0,0,0,0,0,0.099491948,0
26323,1.954992387,84.85927727,15.02491233,0,0,0,0,0,0,0,0,0,0,0,0,0.115810399,0
26330,1.113665169,83.97888144,15.93125224,0,0,0,0,0,0,0,0,0,0,0,0,0.089866322,0
26392,2.604497794,76.73734807,20.48512796,0.096424196,0.094925065,0.700830655,1.457596514,0,0,0,0.206241721,0,0,0.117185196,0.045784181,0.058536434,0
26865,1.090700534,85.98490789,13.86606212,0,0,0,0,0,0,0,0,0,0,0,0,0.149029982,0
26906,1.04325584,86.58696664,13.22375315,0,0,0,0.090423727,0,0,0,0,0,0,0,0,0.098856487,0
26916,1.031053598,86.37451971,13.49835626,0,0,0,0,0,0,0,0,0,0,0,0,0.127124021,0
27487,1.211631606,85.25064863,14.62924306,0,0,0,0,0,0,0,0,0,0,0,0,0.120108311,0
27542,11.51984208,64.18901127,29.23076023,0.134209858,0.094753864,1.379280444,4.209616822,0,0,0,0.358782008,0.046479585,0.057175204,0.24246986,0,0.057460849,0
27606,1.147250534,84.6356057,15.19498269,0,0,0,0,0,0,0,0,0,0,0,0,0.16941161,0
27640,2.619034639,83.94511639,15.88357596,0,0,0,0.062333742,0,0,0,0,0,0,0,0,0.108973908,0
27642,1.211631606,84.5556553,15.31595276,0,0,0,0,0,0,0,0,0,0,0,0,0.128391936,0
27708,1.637983526,84.99989217,14.77044831,0,0,0,0.082660199,0,0,0,0,0,0,0,0,0.146999312,0
27743,1.252715473,85.29066835,14.5987426,0,0,0,0,0,0,0,0,0,0,0,0,0.110589052,0
27747,2.623862356,85.7099004,13.90733894,0,0,0,0.070953448,0.164733219,0,0,0,0,0,0,0,0.147073994,0
27749,1.201141092,83.40993377,16.47599878,0,0,0,0,0,0,0,0,0,0,0,0,0.114067449,0
27765,4.454660676,70.23720128,26.34993511,0,0.243054292,1.25664081,1.468607564,0,0,0,0.162352423,0,0,0.21099775,0,0.071210776,0
27770,1.252715473,87.71655309,12.0663675,0,0,0,0.104369875,0,0,0,0,0,0,0,0,0.112709541,0
89238,3.299064638,76.45054809,21.5994512,0.069341151,0.057469414,0.195975078,1.399047073,0,0,0,0.021323465,0.06397003,0,0.076120752,0,0.066753744,0
86388,1.124971704,85.69988322,13.85422566,0,0,0,0.097922571,0,0.165974213,0,0,0,0,0,0.18199433,0,0
86468,1.090700534,84.54520797,15.34016917,0,0,0,0,0,0,0,0,0,0,0,0.11462286,0,0
86563,1.10224266,85.28140513,14.59092379,0,0,0,0,0,0,0,0,0,0,0,0.127671085,0,0
86645,1.252715473,84.39023386,15.46430841,0,0,0,0,0,0,0,0,0,0,0,0.145457724,0,0
86755,1.10224266,84.95010473,14.96461187,0,0,0,0,0,0,0,0,0,0,0,0.085283403,0,0
86784,1.252715473,84.74733957,15.06165031,0,0,0,0,0,0,0,0,0,0,0,0.191010123,0,0
86794,1.190558145,84.36013303,15.50767843,0,0,0,0,0,0,0,0,0,0,0,0.13218854,0,0
86805,1.079034952,85.33116962,14.46575489,0,0,0,0.087293659,0,0,0,0,0,0,0,0.11578183,0,0
86806,1.067241867,84.53292383,15.31535862,0,0,0,0,0,0,0,0,0,0,0,0.151717553,0,0
86825,1.232344758,84.41862022,15.46826127,0,0,0,0,0,0,0,0,0,0,0,0.113118511,0,0
86839,1.999793444,86.51933923,13.27343973,0,0,0,0.068860834,0,0,0,0,0,0,0,0.138360207,0,0
86896,1.124971704,84.12347031,15.76986058,0,0,0,0,0,0,0,0,0,0,0,0.10666911,0,0
86961,7.704208371,71.27920372,24.30279606,0,0.068618821,0.796507559,3.119107347,0,0,0,0.076937713,0.045109921,0.240141132,0,0.071577729,0,0
86976,3.903505921,73.45064242,24.23954383,0,0,0.964389449,1.184701451,0,0,0,0,0,0.085507255,0.075215595,0,0,0
87011,2.980644322,71.48348979,25.52799973,0,0,1.04951217,1.466079561,0,0,0,0.064263683,0.027547479,0.284146436,0,0.096961156,0,0
87021,1.090700534,85.01653311,14.69880602,0,0,0,0.155792397,0,0,0,0,0,0,0,0.12886847,0,0
87041,1.179880277,84.2717723,15.4676768,0.153596855,0,0,0,0,0,0,0,0,0,0,0.106954041,0,0
87045,2.140404643,73.14950539,23.75721029,0.138050718,0.224589734,0.719008703,1.533655717,0,0,0,0.256687561,0,0.154779161,0,0.066512722,0,0
87060,1.311931178,82.32536235,17.05695164,0,0,0,0.473859633,0,0,0,0,0,0,0,0.143826386,0,0
87072,1.190558145,84.22421993,15.46070749,0.151889792,0,0,0.06413676,0,0,0,0,0,0,0,0.099046026,0,0
87075,3.877482258,67.97486739,26.97146513,0,0.83514515,1.258296611,1.333489731,0,0,0,0.03209974,0,1.49718089,0,0.09745536,0,0
87076,1.169104889,84.24115409,15.64817309,0,0,0,0,0,0,0,0,0,0,0,0.110672819,0,0
87095,1.993454939,84.77772654,14.78711623,0,0,0,0.228162002,0,0,0,0,0.076586428,0,0,0.130408803,0,0
87120,1.262777606,75.23988049,23.22737701,0,0,0,0.094741588,0,0,0,0,1.217487555,0.097896232,0,0.122617129,0,0
87158,1.201141092,85.80723438,14.00497251,0,0,0,0.079597179,0,0,0,0,0,0,0,0.108195931,0,0
87187,1.055317002,84.19186361,15.80813639,0,0,0,0,0,0,0,0,0,0,0,0,0,0
87199,2.885722368,77.13410277,20.88039028,0,0.055422678,0.809799468,0.862265641,0,0,0,0.034788747,0.075633701,0.050091783,0,0.097504935,0,0
87229,1.598885205,83.64186905,15.50321695,0,0,0.155449733,0.490001614,0,0,0,0.039512731,0,0.071739588,0,0.098210335,0,0
87236,2.03741041,85.1157416,14.74287934,0,0,0,0,0,0,0,0,0,0,0,0.141379061,0,0
87332,13.1164175,83.76281662,16.090849,0,0,0,0.057871651,0,0,0,0,0,0,0,0.088462734,0,0
87350,1.201141092,84.63416512,15.27569597,0,0,0,0,0,0,0,0,0,0,0,0.090138912,0,0
87371,1.645691726,85.02193885,14.84896096,0,0,0,0,0,0,0,0,0,0,0,0.129100184,0,0
87410,2.012410563,83.00763587,16.8633323,0,0,0,0,0,0,0,0,0,0,0,0.129031831,0,0
87412,3.264356973,83.51497908,16.37497875,0,0,0,0,0,0,0,0,0,0,0,0.110042174,0,0
87424,1.252715473,85.67404531,14.18000224,0,0,0,0,0,0,0,0,0,0,0,0.145952442,0,0
87490,2.485143722,84.39533857,15.46782709,0,0,0,0,0,0,0,0,0,0,0,0.136834346,0,0
87534,13.65717502,64.5017986,29.42518248,0,0.59624734,1.518885318,2.796856751,0,0,0,0.301010676,0.058810899,0.68689273,0.044302012,0.070013186,0,0
87537,1.10224266,83.95490377,15.75625028,0,0,0,0.143012084,0,0,0,0,0,0,0,0.145833862,0,0
87553,6.485927751,68.03494957,27.00695977,0,0.315341652,1.129560206,2.280068052,0.167152834,0,0.044944206,0.38359507,0.155349665,0.326771253,0.09009269,0.065215034,0,0
87562,1.500899456,76.91064147,21.19187351,0,0.113009726,0.342637129,0.644594743,0,0,0,0.030919783,0,0.585355598,0.073464638,0.107503396,0,0
87579,1.431855217,84.32887914,15.5621425,0,0,0,0,0,0,0,0,0,0,0,0.108978359,0,0
87611,1.055317002,83.70149214,16.04993756,0,0,0,0.092970979,0,0,0,0,0,0,0,0.155599324,0,0
87618,2.181401068,80.0982334,19.04095785,0.743520716,0,0,0,0,0,0,0,0,0,0,0.117288036,0,0
87654,1.055317002,85.5088843,14.33470617,0,0,0,0,0,0,0,0,0,0,0,0.156409537,0,0
87668,1.242571861,85.94191286,13.8151548,0,0,0,0.106885413,0,0,0,0,0,0,0,0.136046931,0,0
87679,1.396053171,84.57317143,15.29603798,0,0,0,0,0,0,0,0,0,0,0,0.130790593,0,0
87686,1.124971704,84.39699787,15.18951897,0,0,0,0.112645382,0,0.147012771,0,0,0.034066682,0,0,0.119758331,0,0
87707,1.147250534,85.63375335,14.18255509,0,0,0,0.068314474,0,0,0,0,0,0,0,0.115377085,0,0
87724,1.321542524,81.73935798,17.09814507,0,0.100390566,0.256112607,0.490573847,0,0,0,0.06323188,0,0.143807641,0,0.108380406,0,0
87809,1.222032068,84.44585337,15.44420382,0,0,0,0,0,0,0,0,0,0,0,0.10994281,0,0
87824,1.10224266,83.54120146,15.80721303,0.536024776,0,0,0,0,0,0,0,0,0,0,0.115560738,0,0
87842,1.94200226,75.92293705,22.27505706,0,0,0,1.731427473,0,0,0,0,0,0,0,0.070578413,0,0
87920,1.018705205,79.55225311,18.88190447,0,0.219601664,0,0.557096505,0,0,0,0,0.439659744,0.25413233,0,0.095352178,0,0
87924,2.628681208,85.68237286,14.09763813,0,0,0,0.09700077,0,0,0,0,0,0,0,0.122988247,0,0
87930,2.469818948,99.75530638,0,0,0,0,0.093428377,0,0,0,0,0,0,0,0.15126524,0,0
87958,1.483939596,86.71363157,13.01816428,0,0,0,0.112599962,0,0,0,0,0,0,0,0.155604182,0,0
88046,1.806972121,99.60409476,0,0,0,0.221188071,0,0,0,0,0,0,0,0,0.174717167,0,0
88122,1.124971704,86.84843289,12.93298289,0,0,0,0.119862206,0,0,0,0,0,0,0,0.09872201,0,0
88139,1.04325584,99.65156977,0,0,0,0,0.120221822,0,0,0,0,0,0,0,0.228208412,0,0
88140,2.074345328,76.87923043,21.46164321,0,0.05375913,0.608866543,0.793739711,0,0,0,0,0,0.117000964,0,0.085760015,0,0
88207,1.222032068,79.55212992,19.22215673,0,0,0.424929811,0.626737354,0,0,0,0,0,0.1016135,0,0.072432686,0,0
88253,1.534256851,85.8943314,13.88350216,0,0,0,0.061356199,0,0,0,0,0,0,0,0.160810236,0,0
88285,2.407544582,84.21977867,15.58032735,0,0,0,0.089910461,0,0,0,0,0,0,0,0.109983522,0,0
88313,2.272331457,83.46749358,16.41832234,0,0,0,0,0,0,0,0,0,0,0,0.11418408,0,0
88323,5.086066623,67.95956937,26.43494918,0.135502065,0.40829556,1.257624703,2.971276729,0,0,0,0.219973483,0,0.612808913,0,0,0,0
88325,2.540543802,84.21562392,15.67214468,0,0,0,0,0,0,0,0,0,0,0,0.112231401,0,0
88355,1.396053171,84.95594898,14.8493757,0,0,0,0.076888326,0,0,0,0,0,0,0,0.117786995,0,0
88356,1.067241867,86.144406,13.73428984,0,0,0,0,0,0,0,0,0,0,0,0.121304159,0,0
88369,5.269384755,62.80660827,31.40896262,0,0.22195767,1.541747047,3.232908813,0,0,0,0.067703221,0.103864735,0.594279172,0.021968456,0,0,0
88376,1.10224266,84.42662025,15.4749677,0,0,0,0,0,0,0,0,0,0,0,0.098412046,0,0
88382,1.018705205,86.1371277,13.65736156,0,0,0,0.092147865,0,0,0,0,0,0,0,0.113362876,0,0
88414,1.483939596,82.71967133,17.15092797,0,0,0,0,0,0,0,0,0,0,0,0.1294007,0,0
88467,1.902499782,83.7029051,16.05393284,0,0,0.087081351,0.062731319,0,0,0,0,0,0,0,0.093349389,0,0
88497,1.242571861,84.32608958,15.58839582,0,0,0,0,0,0,0,0,0,0,0,0.085514604,0,0
88533,1.169104889,85.45667661,14.39100068,0,0,0,0,0,0,0,0,0,0,0,0.152322712,0,0
88534,1.079034952,87.30043986,12.34551094,0,0,0,0.086808068,0,0.117959935,0,0,0,0,0,0.149281196,0,0
88555,1.079034952,78.70542579,20.37922011,0,0,0,0,0,0,0,0,0.791703172,0,0,0.123650926,0,0
88574,1.190558145,80.11635505,18.4037322,0.156654164,0.125413721,0.229248815,0.594733528,0,0.139546381,0,0.032948048,0,0.071675773,0,0.129692316,0,0
88585,1.018705205,85.1373916,14.73171926,0,0,0,0,0,0,0,0,0,0,0,0.130889142,0,0
88623,1.018705205,86.38180105,13.39957588,0,0,0,0.080877085,0,0,0,0,0,0,0,0.137745986,0,0
88654,1.018705205,99.67710999,0,0,0,0,0.124097123,0,0,0,0,0,0,0,0.198792892,0,0
88659,2.755606651,77.92403404,20.40380966,0,0.096925544,0.433165011,0.876776855,0,0,0,0,0.064483301,0.128175471,0,0.072630114,0,0
88670,1.04325584,99.69495055,0,0,0,0,0.130508849,0,0,0,0,0,0,0,0.174540602,0,0
88693,1.500899456,79.11884617,19.84856282,0,0,0,0.239643648,0,0.264913735,0,0,0.388955754,0.0356384,0,0.103439465,0,0
88707,1.018705205,86.1494011,13.78354151,0,0,0,0.067057384,0,0,0,0,0,0,0,0,0,0
88720,1.211631606,86.234894,13.5550199,0,0,0,0.072452214,0,0,0,0,0,0,0,0.137633886,0,0
88749,1.006205281,99.65063058,0,0,0,0,0.116732872,0,0,0,0,0,0,0,0.232636543,0,0
88770,1.124971704,87.01298565,12.7801972,0,0,0,0.083865613,0,0,0,0,0,0,0,0.122951535,0,0
88778,1.405089208,85.96663229,13.91882662,0,0,0,0,0,0,0,0,0,0,0,0.114541091,0,0
88782,4.875165831,84.18537752,15.68995786,0,0,0,0,0,0,0,0,0,0,0,0.124664612,0,0
88784,1.090700534,85.72262376,14.1347445,0,0,0,0,0,0,0,0,0,0,0,0.142631747,0,0
88785,1.321542524,86.18181242,13.58345179,0,0,0,0.09677987,0,0,0,0,0,0,0,0.137955915,0,0
88976,2.043612587,84.92244546,14.93335928,0,0,0,0.062946178,0,0,0,0,0,0,0,0.081249078,0,0
88977,3.70728959,83.1384632,16.63090092,0,0,0,0.07243308,0,0,0.059970013,0,0,0,0,0.098232785,0,0
88979,1.018705205,78.67883767,19.66126742,0.400846849,0,0.308451242,0.816321491,0,0,0,0,0,0.04033708,0,0.093938249,0,0
88982,2.575177935,77.45862261,21.15906911,0,0.117524837,0.323326138,0.633845645,0,0,0,0,0.116308649,0.086028514,0,0.105274497,0,0
88994,1.928924655,78.51584527,19.58304537,0,0,0.412172537,1.079658687,0,0,0,0.287014724,0,0.042695287,0,0.079568121,0,0
89003,2.444064136,75.248854,21.81311165,0.216451163,0.522146199,0.588547743,1.103836865,0,0,0,0.11839395,0.033509131,0.296278964,0,0.058870331,0,0
89012,2.122592366,84.63074804,15.07424814,0.220883736,0,0,0.074120078,0,0,0,0,0,0,0,0,0,0
89018,1.827862666,84.09220167,15.78573136,0,0,0,0,0,0,0,0,0,0,0,0.122066973,0,0
89024,1.396053171,86.0160807,13.77396956,0,0,0,0.092334387,0,0,0,0,0,0,0,0.117615351,0,0
89032,1.542483488,77.99723546,19.97873886,0,0.088241874,0.673374487,0.773856799,0,0.115853734,0,0.053217605,0.066500344,0.174561753,0,0.078419085,0,0
89038,1.431855217,82.85709252,16.26204416,0.10341557,0.127627905,0,0.418430674,0,0,0,0.0266007,0,0.098868189,0,0.105920276,0,0
89045,1.582975503,86.23931179,13.63991589,0,0,0,0,0,0,0,0,0,0,0,0.120772321,0,0
89056,1.113665169,83.88026647,15.9735894,0,0,0,0,0,0,0,0,0,0,0,0.146144125,0,0
89058,1.542483488,84.33678548,15.53799037,0,0,0,0,0,0,0,0,0,0,0,0.125224151,0,0
89076,1.302248897,87.30269017,12.52128863,0,0,0,0.056574142,0,0,0,0,0,0,0,0.119447051,0,0
89082,5.448859415,56.05952603,36.55298703,0,0,0,0.084613871,0,0,0,0,7.189874962,0,0,0.11299811,0,0
89083,1.211631606,83.96248082,15.89922068,0,0,0,0,0,0,0,0,0,0,0,0.13829851,0,0
89095,1.525985864,83.93112459,15.22516764,0.548803054,0,0,0,0,0,0.160303924,0,0,0,0,0.134600789,0,0
89101,1.179880277,83.20076143,15.85509517,0.685012441,0,0,0,0,0,0.150488257,0,0,0,0,0.108642711,0,0
89118,1.827862666,84.83386621,15.04797826,0,0,0,0,0,0,0,0,0,0,0,0.118155526,0,0
89121,2.012410563,85.16198285,14.62931742,0,0,0,0.079149252,0,0,0,0,0,0,0,0.129550483,0,0
89137,2.104629344,74.30471188,23.76705591,0,0.273595283,0,0.139869082,0,0,0,0,1.426643998,0,0,0.088123839,0,0
89153,1.422989155,85.49827761,14.29552142,0,0,0,0.080681291,0,0,0,0,0,0,0,0.125519673,0,0
89160,1.169104889,85.2070733,14.7929267,0,0,0,0,0,0,0,0,0,0,0,0,0,0
89173,2.140404643,84.36131558,15.51096931,0,0,0,0,0,0,0,0,0,0,0,0.127715108,0,0
89175,7.997591506,78.03200625,21.80725702,0,0,0,0,0,0,0.061439214,0,0,0,0,0.09929752,0,0
89176,1.136165728,85.11278468,14.69734718,0,0,0,0.07893624,0,0,0,0,0,0,0,0.110931902,0,0
89203,1.272760193,85.59535884,14.21673891,0,0,0,0.05732586,0,0,0,0,0,0,0,0.130576385,0,0
89205,1.10224266,84.71721585,15.28278415,0,0,0,0,0,0,0,0,0,0,0,0,0,0
89227,1.006205281,85.08009142,14.68101289,0,0,0,0.087161809,0,0,0,0,0,0,0,0.151733884,0,0